--------------------------------------------------------
--  File created - Wednesday-July-15-2020   
--------------------------------------------------------
--------------------------------------------------------
--  DDL for Sequence ADDONS_FOOD_SEQ
--------------------------------------------------------

   CREATE SEQUENCE  "ADDONS_FOOD_SEQ"  MINVALUE 1 MAXVALUE 9999999999999999999999999999 INCREMENT BY 1 START WITH 21 CACHE 20 NOORDER  NOCYCLE
--------------------------------------------------------
--  DDL for Sequence ADDONS_HISTORY_SEQ
--------------------------------------------------------

   CREATE SEQUENCE  "ADDONS_HISTORY_SEQ"  MINVALUE 1 MAXVALUE 9999999999999999999999999999 INCREMENT BY 1 START WITH 1 CACHE 20 NOORDER  NOCYCLE
--------------------------------------------------------
--  DDL for Sequence ADDONS_SEQ
--------------------------------------------------------

   CREATE SEQUENCE  "ADDONS_SEQ"  MINVALUE 1 MAXVALUE 9999999999999999999999999999 INCREMENT BY 1 START WITH 1 CACHE 20 NOORDER  NOCYCLE
--------------------------------------------------------
--  DDL for Sequence ADDONS_SEQ1
--------------------------------------------------------

   CREATE SEQUENCE  "ADDONS_SEQ1"  MINVALUE 1 MAXVALUE 9999999999999999999999999999 INCREMENT BY 1 START WITH 21 CACHE 20 NOORDER  NOCYCLE
--------------------------------------------------------
--  DDL for Sequence BRANCHES_SEQ
--------------------------------------------------------

   CREATE SEQUENCE  "BRANCHES_SEQ"  MINVALUE 1 MAXVALUE 9999999999999999999999999999 INCREMENT BY 1 START WITH 1 CACHE 20 NOORDER  NOCYCLE
--------------------------------------------------------
--  DDL for Sequence BRANCHES_SEQ1
--------------------------------------------------------

   CREATE SEQUENCE  "BRANCHES_SEQ1"  MINVALUE 1 MAXVALUE 9999999999999999999999999999 INCREMENT BY 1 START WITH 1 CACHE 20 NOORDER  NOCYCLE
--------------------------------------------------------
--  DDL for Sequence BRANCHES_SEQ2
--------------------------------------------------------

   CREATE SEQUENCE  "BRANCHES_SEQ2"  MINVALUE 1 MAXVALUE 9999999999999999999999999999 INCREMENT BY 1 START WITH 21 CACHE 20 NOORDER  NOCYCLE
--------------------------------------------------------
--  DDL for Sequence CATAGORY_HISTORY_SEQ
--------------------------------------------------------

   CREATE SEQUENCE  "CATAGORY_HISTORY_SEQ"  MINVALUE 1 MAXVALUE 9999999999999999999999999999 INCREMENT BY 1 START WITH 1 CACHE 20 NOORDER  NOCYCLE
--------------------------------------------------------
--  DDL for Sequence CATAGORY_SEQ
--------------------------------------------------------

   CREATE SEQUENCE  "CATAGORY_SEQ"  MINVALUE 1 MAXVALUE 9999999999999999999999999999 INCREMENT BY 1 START WITH 1 CACHE 20 NOORDER  NOCYCLE
--------------------------------------------------------
--  DDL for Sequence CATAGORY_SEQ1
--------------------------------------------------------

   CREATE SEQUENCE  "CATAGORY_SEQ1"  MINVALUE 1 MAXVALUE 9999999999999999999999999999 INCREMENT BY 1 START WITH 21 CACHE 20 NOORDER  NOCYCLE
--------------------------------------------------------
--  DDL for Sequence COUPONS_HISTORY_SEQ
--------------------------------------------------------

   CREATE SEQUENCE  "COUPONS_HISTORY_SEQ"  MINVALUE 1 MAXVALUE 9999999999999999999999999999 INCREMENT BY 1 START WITH 1 CACHE 20 NOORDER  NOCYCLE
--------------------------------------------------------
--  DDL for Sequence COUPONS_SEQ
--------------------------------------------------------

   CREATE SEQUENCE  "COUPONS_SEQ"  MINVALUE 1 MAXVALUE 9999999999999999999999999999 INCREMENT BY 1 START WITH 1 CACHE 20 NOORDER  NOCYCLE
--------------------------------------------------------
--  DDL for Sequence DEALS_HISTORY_SEQ
--------------------------------------------------------

   CREATE SEQUENCE  "DEALS_HISTORY_SEQ"  MINVALUE 1 MAXVALUE 9999999999999999999999999999 INCREMENT BY 1 START WITH 1 CACHE 20 NOORDER  NOCYCLE
--------------------------------------------------------
--  DDL for Sequence DEALS_SEQ
--------------------------------------------------------

   CREATE SEQUENCE  "DEALS_SEQ"  MINVALUE 1 MAXVALUE 9999999999999999999999999999 INCREMENT BY 1 START WITH 1 CACHE 20 NOORDER  NOCYCLE
--------------------------------------------------------
--  DDL for Sequence DEALS_SEQ1
--------------------------------------------------------

   CREATE SEQUENCE  "DEALS_SEQ1"  MINVALUE 1 MAXVALUE 9999999999999999999999999999 INCREMENT BY 1 START WITH 21 CACHE 20 NOORDER  NOCYCLE
--------------------------------------------------------
--  DDL for Sequence DEAL_CHOICE_SEQ
--------------------------------------------------------

   CREATE SEQUENCE  "DEAL_CHOICE_SEQ"  MINVALUE 1 MAXVALUE 9999999999999999999999999999 INCREMENT BY 1 START WITH 1 CACHE 20 NOORDER  NOCYCLE
--------------------------------------------------------
--  DDL for Sequence DELIVERYADDRESS_SEQ
--------------------------------------------------------

   CREATE SEQUENCE  "DELIVERYADDRESS_SEQ"  MINVALUE 1 MAXVALUE 9999999999999999999999999999 INCREMENT BY 1 START WITH 21 CACHE 20 NOORDER  NOCYCLE
--------------------------------------------------------
--  DDL for Sequence DEPT_HISTORY_SEQ
--------------------------------------------------------

   CREATE SEQUENCE  "DEPT_HISTORY_SEQ"  MINVALUE 1 MAXVALUE 9999999999999999999999999999 INCREMENT BY 1 START WITH 1 CACHE 20 NOORDER  NOCYCLE
--------------------------------------------------------
--  DDL for Sequence DEPT_SEQ
--------------------------------------------------------

   CREATE SEQUENCE  "DEPT_SEQ"  MINVALUE 1 MAXVALUE 9999999999999999999999999999 INCREMENT BY 1 START WITH 21 CACHE 20 NOORDER  NOCYCLE
--------------------------------------------------------
--  DDL for Sequence EMPHISTORY_SEQ
--------------------------------------------------------

   CREATE SEQUENCE  "EMPHISTORY_SEQ"  MINVALUE 1 MAXVALUE 9999999999999999999999999999 INCREMENT BY 1 START WITH 1 CACHE 20 NOORDER  NOCYCLE
--------------------------------------------------------
--  DDL for Sequence EMP_HISTORY_SEQ
--------------------------------------------------------

   CREATE SEQUENCE  "EMP_HISTORY_SEQ"  MINVALUE 1 MAXVALUE 9999999999999999999999999999 INCREMENT BY 1 START WITH 1 CACHE 20 NOORDER  NOCYCLE
--------------------------------------------------------
--  DDL for Sequence FOODITEMS_SEQ
--------------------------------------------------------

   CREATE SEQUENCE  "FOODITEMS_SEQ"  MINVALUE 1 MAXVALUE 9999999999999999999999999999 INCREMENT BY 1 START WITH 21 CACHE 20 NOORDER  NOCYCLE
--------------------------------------------------------
--  DDL for Sequence FOOD_DEALS_HISTORY_SEQ
--------------------------------------------------------

   CREATE SEQUENCE  "FOOD_DEALS_HISTORY_SEQ"  MINVALUE 1 MAXVALUE 9999999999999999999999999999 INCREMENT BY 1 START WITH 1 CACHE 20 NOORDER  NOCYCLE
--------------------------------------------------------
--  DDL for Sequence FOOD_DEALS_SEQ
--------------------------------------------------------

   CREATE SEQUENCE  "FOOD_DEALS_SEQ"  MINVALUE 1 MAXVALUE 9999999999999999999999999999 INCREMENT BY 1 START WITH 21 CACHE 20 NOORDER  NOCYCLE
--------------------------------------------------------
--  DDL for Sequence FOOD_HISTORY_SEQ
--------------------------------------------------------

   CREATE SEQUENCE  "FOOD_HISTORY_SEQ"  MINVALUE 1 MAXVALUE 9999999999999999999999999999 INCREMENT BY 1 START WITH 1 CACHE 20 NOORDER  NOCYCLE
--------------------------------------------------------
--  DDL for Sequence LOGIN_USER_SEQ
--------------------------------------------------------

   CREATE SEQUENCE  "LOGIN_USER_SEQ"  MINVALUE 1 MAXVALUE 9999999999999999999999999999 INCREMENT BY 1 START WITH 21 CACHE 20 NOORDER  NOCYCLE
--------------------------------------------------------
--  DDL for Sequence MENUS_SEQ
--------------------------------------------------------

   CREATE SEQUENCE  "MENUS_SEQ"  MINVALUE 1 MAXVALUE 9999999999999999999999999999 INCREMENT BY 1 START WITH 1 CACHE 20 NOORDER  NOCYCLE
--------------------------------------------------------
--  DDL for Sequence MENUS_SEQ1
--------------------------------------------------------

   CREATE SEQUENCE  "MENUS_SEQ1"  MINVALUE 1 MAXVALUE 9999999999999999999999999999 INCREMENT BY 1 START WITH 21 CACHE 20 NOORDER  NOCYCLE
--------------------------------------------------------
--  DDL for Sequence ORDERSTATUS_SEQ
--------------------------------------------------------

   CREATE SEQUENCE  "ORDERSTATUS_SEQ"  MINVALUE 1 MAXVALUE 9999999999999999999999999999 INCREMENT BY 1 START WITH 1 CACHE 20 NOORDER  NOCYCLE
--------------------------------------------------------
--  DDL for Sequence OUTLET_DEPT_SEQ
--------------------------------------------------------

   CREATE SEQUENCE  "OUTLET_DEPT_SEQ"  MINVALUE 1 MAXVALUE 9999999999999999999999999999 INCREMENT BY 1 START WITH 21 CACHE 20 NOORDER  NOCYCLE
--------------------------------------------------------
--  DDL for Sequence OUTLET_SEQ
--------------------------------------------------------

   CREATE SEQUENCE  "OUTLET_SEQ"  MINVALUE 1 MAXVALUE 9999999999999999999999999999 INCREMENT BY 1 START WITH 21 CACHE 20 NOORDER  NOCYCLE
--------------------------------------------------------
--  DDL for Sequence PAYMENTDETAILS_SEQ
--------------------------------------------------------

   CREATE SEQUENCE  "PAYMENTDETAILS_SEQ"  MINVALUE 1 MAXVALUE 9999999999999999999999999999 INCREMENT BY 1 START WITH 1 CACHE 20 NOORDER  NOCYCLE
--------------------------------------------------------
--  DDL for Sequence RESTURANT_HISTORY_SEQ
--------------------------------------------------------

   CREATE SEQUENCE  "RESTURANT_HISTORY_SEQ"  MINVALUE 1 MAXVALUE 9999999999999999999999999999 INCREMENT BY 1 START WITH 1 CACHE 20 NOORDER  NOCYCLE
--------------------------------------------------------
--  DDL for Sequence RESTURANT_SEQ
--------------------------------------------------------

   CREATE SEQUENCE  "RESTURANT_SEQ"  MINVALUE 1 MAXVALUE 9999999999999999999999999999 INCREMENT BY 1 START WITH 1 CACHE 20 NOORDER  NOCYCLE
--------------------------------------------------------
--  DDL for Sequence RESTURANT_SEQ1
--------------------------------------------------------

   CREATE SEQUENCE  "RESTURANT_SEQ1"  MINVALUE 1 MAXVALUE 9999999999999999999999999999 INCREMENT BY 1 START WITH 21 CACHE 20 NOORDER  NOCYCLE
--------------------------------------------------------
--  DDL for Sequence RIDERS_SEQ
--------------------------------------------------------

   CREATE SEQUENCE  "RIDERS_SEQ"  MINVALUE 1 MAXVALUE 9999999999999999999999999999 INCREMENT BY 1 START WITH 21 CACHE 20 NOORDER  NOCYCLE
--------------------------------------------------------
--  DDL for Sequence RIDER_HISTORY_SEQ
--------------------------------------------------------

   CREATE SEQUENCE  "RIDER_HISTORY_SEQ"  MINVALUE 1 MAXVALUE 9999999999999999999999999999 INCREMENT BY 1 START WITH 1 CACHE 20 NOORDER  NOCYCLE
--------------------------------------------------------
--  DDL for Sequence SUB_ORDER_ADDON_SEQ
--------------------------------------------------------

   CREATE SEQUENCE  "SUB_ORDER_ADDON_SEQ"  MINVALUE 1 MAXVALUE 9999999999999999999999999999 INCREMENT BY 1 START WITH 21 CACHE 20 NOORDER  NOCYCLE
--------------------------------------------------------
--  DDL for Sequence SUB_ORDER_DEAL_SEQ
--------------------------------------------------------

   CREATE SEQUENCE  "SUB_ORDER_DEAL_SEQ"  MINVALUE 1 MAXVALUE 9999999999999999999999999999 INCREMENT BY 1 START WITH 21 CACHE 20 NOORDER  NOCYCLE
--------------------------------------------------------
--  DDL for Sequence SUB_ORDER_SEQ
--------------------------------------------------------

   CREATE SEQUENCE  "SUB_ORDER_SEQ"  MINVALUE 1 MAXVALUE 9999999999999999999999999999 INCREMENT BY 1 START WITH 1 CACHE 20 NOORDER  NOCYCLE
--------------------------------------------------------
--  DDL for Sequence SUB_ORDER_SEQ1
--------------------------------------------------------

   CREATE SEQUENCE  "SUB_ORDER_SEQ1"  MINVALUE 1 MAXVALUE 9999999999999999999999999999 INCREMENT BY 1 START WITH 21 CACHE 20 NOORDER  NOCYCLE
--------------------------------------------------------
--  DDL for Sequence TABLE1_SEQ
--------------------------------------------------------

   CREATE SEQUENCE  "TABLE1_SEQ"  MINVALUE 1 MAXVALUE 9999999999999999999999999999 INCREMENT BY 1 START WITH 1 CACHE 20 NOORDER  NOCYCLE
--------------------------------------------------------
--  DDL for Sequence TABLE1_SEQ1
--------------------------------------------------------

   CREATE SEQUENCE  "TABLE1_SEQ1"  MINVALUE 1 MAXVALUE 9999999999999999999999999999 INCREMENT BY 1 START WITH 21 CACHE 20 NOORDER  NOCYCLE
--------------------------------------------------------
--  DDL for Sequence TABLE1_SEQ2
--------------------------------------------------------

   CREATE SEQUENCE  "TABLE1_SEQ2"  MINVALUE 1 MAXVALUE 9999999999999999999999999999 INCREMENT BY 1 START WITH 21 CACHE 20 NOORDER  NOCYCLE
--------------------------------------------------------
--  DDL for Sequence TABLE1_SEQ3
--------------------------------------------------------

   CREATE SEQUENCE  "TABLE1_SEQ3"  MINVALUE 1 MAXVALUE 9999999999999999999999999999 INCREMENT BY 1 START WITH 21 CACHE 20 NOORDER  NOCYCLE
--------------------------------------------------------
--  DDL for Sequence USERORDER_SEQ
--------------------------------------------------------

   CREATE SEQUENCE  "USERORDER_SEQ"  MINVALUE 1 MAXVALUE 9999999999999999999999999999 INCREMENT BY 1 START WITH 21 CACHE 20 NOORDER  NOCYCLE
--------------------------------------------------------
--  DDL for Sequence USER_COUPON_SEQ
--------------------------------------------------------

   CREATE SEQUENCE  "USER_COUPON_SEQ"  MINVALUE 1 MAXVALUE 9999999999999999999999999999 INCREMENT BY 1 START WITH 1 CACHE 20 NOORDER  NOCYCLE
--------------------------------------------------------
--  DDL for Table ADDONS
--------------------------------------------------------

  CREATE TABLE "ADDONS" ("ADONID" NUMBER, "NAME" VARCHAR2(20 BYTE), "PRICE" VARCHAR2(20 BYTE), "AVAIABLE" VARCHAR2(20 BYTE))
--------------------------------------------------------
--  DDL for Table ADDONS_FOOD
--------------------------------------------------------

  CREATE TABLE "ADDONS_FOOD" ("ID" NUMBER, "FOODID" NUMBER, "ADDONID" NUMBER, "MAX_QTY" NUMBER)
--------------------------------------------------------
--  DDL for Table ADDONS_HISTORY
--------------------------------------------------------

  CREATE TABLE "ADDONS_HISTORY" ("ADONID" NUMBER, "NAME" VARCHAR2(20 BYTE), "PRICE" VARCHAR2(20 BYTE), "AVAIABLE" VARCHAR2(20 BYTE), "ID" NUMBER)
--------------------------------------------------------
--  DDL for Table BRANCHES
--------------------------------------------------------

  CREATE TABLE "BRANCHES" ("BID" NUMBER, "NAME" VARCHAR2(20 BYTE), "PHONE" VARCHAR2(20 BYTE), "ADDRESS" VARCHAR2(20 BYTE), "MAIL" VARCHAR2(20 BYTE), "MENUID" NUMBER, "OPENDATE" DATE, "RESID" NUMBER, "OPENTIMING" VARCHAR2(20 BYTE), "CLOSETIMING" VARCHAR2(20 BYTE), "DELIVERYCHARGES" NUMBER, "DTIME" NUMBER)
--------------------------------------------------------
--  DDL for Table CATAGORY
--------------------------------------------------------

  CREATE TABLE "CATAGORY" ("ID" NUMBER, "NAME" VARCHAR2(20 BYTE), "DISCOUNT" NUMBER, "MENUID" NUMBER)
--------------------------------------------------------
--  DDL for Table CATAGORY_HISTORY
--------------------------------------------------------

  CREATE TABLE "CATAGORY_HISTORY" ("ID" NUMBER, "NAME" VARCHAR2(20 BYTE), "DISCOUNT" NUMBER, "MENUID" NUMBER, "CATHIID" NUMBER)
--------------------------------------------------------
--  DDL for Table COUPONS
--------------------------------------------------------

  CREATE TABLE "COUPONS" ("COUPONID" NUMBER, "NAME" VARCHAR2(20 BYTE), "DISCOUNT" NUMBER, "MINORDER" NUMBER, "EXPDATE" DATE, "BRANCHID" NUMBER)
--------------------------------------------------------
--  DDL for Table COUPONS_HISTORY
--------------------------------------------------------

  CREATE TABLE "COUPONS_HISTORY" ("COUPONID" NUMBER, "NAME" VARCHAR2(20 BYTE), "DISCOUNT" NUMBER, "MINORDER" NUMBER, "EXPDATE" DATE, "BRANCHID" NUMBER, "ID" NUMBER)
--------------------------------------------------------
--  DDL for Table DEALS
--------------------------------------------------------

  CREATE TABLE "DEALS" ("ID" NUMBER, "NAME" VARCHAR2(20 BYTE), "PRICE" VARCHAR2(20 BYTE), "EXPDATE" VARCHAR2(20 BYTE), "MENUID" NUMBER)
--------------------------------------------------------
--  DDL for Table DEALS_HISTORY
--------------------------------------------------------

  CREATE TABLE "DEALS_HISTORY" ("ID" NUMBER, "NAME" VARCHAR2(20 BYTE), "PRICE" VARCHAR2(20 BYTE), "EXPDATE" VARCHAR2(20 BYTE), "MENUID" NUMBER, "DEALHISTORYID" NUMBER)
--------------------------------------------------------
--  DDL for Table DEAL_CHOICE
--------------------------------------------------------

  CREATE TABLE "DEAL_CHOICE" ("DCID" NUMBER, "FOODDEALID" NUMBER, "FOODID" NUMBER, "QTY" NUMBER)
--------------------------------------------------------
--  DDL for Table DELIVERYADDRESS
--------------------------------------------------------

  CREATE TABLE "DELIVERYADDRESS" ("ID" NUMBER, "ADDRESS" VARCHAR2(100 BYTE), "CITY" VARCHAR2(20 BYTE), "FLOOR" VARCHAR2(20 BYTE), "STREET" VARCHAR2(20 BYTE), "PHONE" VARCHAR2(20 BYTE), "ADDTIONALDETAILS" VARCHAR2(100 BYTE), "USERID" NUMBER)
--------------------------------------------------------
--  DDL for Table DEPT
--------------------------------------------------------

  CREATE TABLE "DEPT" ("DEPTID" NUMBER, "NAME" VARCHAR2(20 BYTE))
--------------------------------------------------------
--  DDL for Table DEPT_HISTORY
--------------------------------------------------------

  CREATE TABLE "DEPT_HISTORY" ("ID" NUMBER, "NAME" VARCHAR2(20 BYTE), "DEPT_ID" NUMBER)
--------------------------------------------------------
--  DDL for Table EMP_HISTORY
--------------------------------------------------------

  CREATE TABLE "EMP_HISTORY" ("ID" NUMBER, "ENUM" VARCHAR2(20 BYTE), "ENAME" VARCHAR2(20 BYTE), "JOBTYPE" VARCHAR2(20 BYTE), "DEPTID" NUMBER, "OUTLETID" NUMBER, "MGRNUM" NUMBER, "HIREDATE" VARCHAR2(20 BYTE), "AGE" VARCHAR2(20 BYTE), "PHONENUMBER" VARCHAR2(20 BYTE), "ADDRESS" VARCHAR2(100 BYTE), "EMAIL" VARCHAR2(20 BYTE), "EMPID" NUMBER)
--------------------------------------------------------
--  DDL for Table ENAME
--------------------------------------------------------

  CREATE TABLE "ENAME" ("EMPID" NUMBER, "ENUM" VARCHAR2(20 BYTE), "ENAME" VARCHAR2(20 BYTE), "JOBTYPE" VARCHAR2(20 BYTE), "DEPTID" NUMBER, "OUTLETID" NUMBER, "MGRNUM" NUMBER, "HIREDATE" VARCHAR2(20 BYTE), "AGE" VARCHAR2(20 BYTE), "PHONENUMBER" VARCHAR2(20 BYTE), "ADDRESS" VARCHAR2(100 BYTE), "EMAIL" VARCHAR2(20 BYTE))
--------------------------------------------------------
--  DDL for Table FOODITEMS
--------------------------------------------------------

  CREATE TABLE "FOODITEMS" ("FOODID" NUMBER, "FOODNAME" VARCHAR2(20 BYTE), "UNITPRICE" VARCHAR2(20 BYTE), "ADDONS" VARCHAR2(20 BYTE), "DISCOUNT" NUMBER, "CATID" NUMBER)
--------------------------------------------------------
--  DDL for Table FOOD_DEALS
--------------------------------------------------------

  CREATE TABLE "FOOD_DEALS" ("ID" NUMBER, "FOODID" NUMBER, "DEALID" NUMBER, "QTY" NUMBER, "CHOICE" VARCHAR2(20 BYTE))
--------------------------------------------------------
--  DDL for Table FOOD_DEALS_HISTORY
--------------------------------------------------------

  CREATE TABLE "FOOD_DEALS_HISTORY" ("ID" NUMBER, "FOODID" NUMBER, "DEALID" NUMBER, "QTY" NUMBER, "CHOICE" VARCHAR2(20 BYTE), "FDHID" NUMBER)
--------------------------------------------------------
--  DDL for Table FOOD_HISTORY
--------------------------------------------------------

  CREATE TABLE "FOOD_HISTORY" ("FOODID" NUMBER, "FOODNAME" VARCHAR2(20 BYTE), "UNITPRICE" VARCHAR2(20 BYTE), "ADDONS" VARCHAR2(20 BYTE), "DISCOUNT" NUMBER, "CATID" NUMBER, "ID" NUMBER)
--------------------------------------------------------
--  DDL for Table LOGIN_USER
--------------------------------------------------------

  CREATE TABLE "LOGIN_USER" ("USERID" NUMBER, "NAME" VARCHAR2(20 BYTE), "PHONENUMBER" VARCHAR2(20 BYTE), "AGE" NUMBER, "USERNAME" VARCHAR2(20 BYTE), "PASSWORD" VARCHAR2(20 BYTE), "EMAIL" VARCHAR2(20 BYTE), "DATEOFBIRTH" DATE)
--------------------------------------------------------
--  DDL for Table MENUS
--------------------------------------------------------

  CREATE TABLE "MENUS" ("ID" NUMBER, "NAME" VARCHAR2(20 BYTE), "RESTURANTID" NUMBER)
--------------------------------------------------------
--  DDL for Table ORDERSTATUS
--------------------------------------------------------

  CREATE TABLE "ORDERSTATUS" ("STATUSID" NUMBER, "ORDERRECIVED" VARCHAR2(20 BYTE), "ISPREPARING" VARCHAR2(20 BYTE), "PICKUPTIME" VARCHAR2(20 BYTE), "DELIVERDTIME" VARCHAR2(20 BYTE))
--------------------------------------------------------
--  DDL for Table OUTLET
--------------------------------------------------------

  CREATE TABLE "OUTLET" ("OUTLETID" NUMBER, "OUTLETNAME" VARCHAR2(20 BYTE), "PHONE" VARCHAR2(20 BYTE), "ADDRESS" VARCHAR2(20 BYTE), "OPEINGDATE" VARCHAR2(20 BYTE), "EMAIL" VARCHAR2(20 BYTE))
--------------------------------------------------------
--  DDL for Table OUTLET_DEPT
--------------------------------------------------------

  CREATE TABLE "OUTLET_DEPT" ("ID" NUMBER, "DEPTD" NUMBER, "OUTLETID" NUMBER, "DATEOFJOINING" DATE)
--------------------------------------------------------
--  DDL for Table PAYMENTDETAILS
--------------------------------------------------------

  CREATE TABLE "PAYMENTDETAILS" ("ID" NUMBER, "DEBITCARDNUMBER" VARCHAR2(20 BYTE), "VALIDDATE" DATE, "NAME" VARCHAR2(20 BYTE), "BILLINGADDRESS" VARCHAR2(100 BYTE), "ACTIVE" NUMBER, "USERID" NUMBER)
--------------------------------------------------------
--  DDL for Table RESTURANT
--------------------------------------------------------

  CREATE TABLE "RESTURANT" ("RESID" NUMBER, "PHONE" VARCHAR2(20 BYTE), "RESNAME" VARCHAR2(20 BYTE), "USERNAME" VARCHAR2(20 BYTE), "PASSWORD" VARCHAR2(20 BYTE), "MGRNAME" VARCHAR2(20 BYTE), "TYPE" VARCHAR2(20 BYTE), "ADDRESS" VARCHAR2(100 BYTE), "MAIL" VARCHAR2(20 BYTE), "OUTLETID" NUMBER, "REGISTERDATE" DATE)
--------------------------------------------------------
--  DDL for Table RESTURANT_HISTORY
--------------------------------------------------------

  CREATE TABLE "RESTURANT_HISTORY" ("RESID" NUMBER, "PHONE" VARCHAR2(20 BYTE), "RESNAME" VARCHAR2(20 BYTE), "USERNAME" VARCHAR2(20 BYTE), "PASSWORD" VARCHAR2(20 BYTE), "MGRNAME" VARCHAR2(20 BYTE), "TYPE" VARCHAR2(20 BYTE), "ADDRESS" VARCHAR2(100 BYTE), "MAIL" VARCHAR2(20 BYTE), "OUTLETID" NUMBER, "REGISTERDATE" DATE, "ID" VARCHAR2(20 BYTE))
--------------------------------------------------------
--  DDL for Table RIDERS
--------------------------------------------------------

  CREATE TABLE "RIDERS" ("RIDERID" NUMBER, "NAME" VARCHAR2(20 BYTE), "PHONENUMBER" VARCHAR2(20 BYTE), "EMAIL" VARCHAR2(20 BYTE), "ADDRESS" VARCHAR2(20 BYTE), "ISAVAIABLE" VARCHAR2(20 BYTE), "OUTLETID" NUMBER)
--------------------------------------------------------
--  DDL for Table RIDER_HISTORY
--------------------------------------------------------

  CREATE TABLE "RIDER_HISTORY" ("RIDERID" NUMBER, "NAME" VARCHAR2(20 BYTE), "PHONENUMBER" VARCHAR2(20 BYTE), "EMAIL" VARCHAR2(20 BYTE), "ADDRESS" VARCHAR2(20 BYTE), "OUTLETID" NUMBER, "ID" NUMBER)
--------------------------------------------------------
--  DDL for Table SUB_ORDER
--------------------------------------------------------

  CREATE TABLE "SUB_ORDER" ("SUBORDERID" NUMBER, "ORDERID" NUMBER, "ITEMID" NUMBER, "DEALORFOODORADDON" VARCHAR2(20 BYTE), "QTY" NUMBER, "PRICE" NUMBER, "ADDONS" VARCHAR2(20 BYTE))
--------------------------------------------------------
--  DDL for Table SUB_ORDER_ADDON
--------------------------------------------------------

  CREATE TABLE "SUB_ORDER_ADDON" ("ID" NUMBER, "SUBORDERID" NUMBER, "ADDONID" NUMBER, "QTY" NUMBER, "PRICE" NUMBER)
--------------------------------------------------------
--  DDL for Table SUB_ORDER_DEAL
--------------------------------------------------------

  CREATE TABLE "SUB_ORDER_DEAL" ("ID" NUMBER, "SUBORDERID" NUMBER, "FOODID" NUMBER)
--------------------------------------------------------
--  DDL for Table USERORDER
--------------------------------------------------------

  CREATE TABLE "USERORDER" ("ORDERID" NUMBER, "USERID" NUMBER, "RIDERID" NUMBER, "STATUSID" NUMBER, "BRANCHID" NUMBER, "PAYMENTID" NUMBER, "PAYMENTMETHOD" VARCHAR2(20 BYTE), "DELIVERYADDRESS" NUMBER, "TOTALPRICE" NUMBER, "DISCOUNT" NUMBER, "DATEOFORDER" DATE)
--------------------------------------------------------
--  DDL for Table USER_COUPON
--------------------------------------------------------

  CREATE TABLE "USER_COUPON" ("ID" NUMBER, "COUPONID" NUMBER, "USERID" NUMBER, "REASON" VARCHAR2(20 BYTE), "GIVENDATE" DATE, "USEDDATE" DATE)
--------------------------------------------------------
--  DDL for View BRANCH_NUMBER
--------------------------------------------------------

  CREATE OR REPLACE FORCE VIEW "BRANCH_NUMBER" ("NAME", "NUMBEROFORDERS", "totalorder(PKR)") AS select lu.name , count(o.orderid) as numberoforders , sum(o.totalprice)  "totalorder(PKR)" from branches lu , userorder o where o.branchid = lu.bid group by lu.name
--------------------------------------------------------
--  DDL for View DEALSALE
--------------------------------------------------------

  CREATE OR REPLACE FORCE VIEW "DEALSALE" ("NAME", "PRICE", "DATEOFORDER", "QTY") AS SELECT 
    f.name , f.price , o.dateoforder , s.QTY 
FROM 
DEALS f ,USERORDER o , SUB_ORDER s 
where
f.id = s.itemid and s.dealorfoodoraddon = 'DEAL' and o.orderid = s.orderid
--------------------------------------------------------
--  DDL for View DEALSDETAILS
--------------------------------------------------------

  CREATE OR REPLACE FORCE VIEW "DEALSDETAILS" ("FOODNAME", "UNITPRICE", "DEALNAME", "DEALPRICE", "QTY") AS SELECT 
    f.foodname , f.unitprice , d.name as dealname , d.price as dealprice , fd.qty  
FROM 
    food_deals fd, fooditems f, deals d
where fd.dealid = d.id and f.foodid = fd.foodid
--------------------------------------------------------
--  DDL for View EMP_DEPARTMENT
--------------------------------------------------------

  CREATE OR REPLACE FORCE VIEW "EMP_DEPARTMENT" ("ENAME", "DEPTNAME", "OUTLETNAME", "MANAGER") AS SELECT 
    e.ename , d.name as DEPTNAME, o.outletname,m.ename as manager   
FROM 
    ename e , dept d, outlet o, ename m
where 
e.deptid = d.deptid and o.outletid = e.outletid and m.mgrnum = e.empid
--------------------------------------------------------
--  DDL for View FOODITEMDETAILS
--------------------------------------------------------

  CREATE OR REPLACE FORCE VIEW "FOODITEMDETAILS" ("FOODNAME", "UNITPRICE", "DATEOFORDER", "QTY") AS SELECT 
    f.foodname , f.unitprice , o.dateoforder , s.QTY 
FROM 
FOODITEMS f ,USERORDER o , SUB_ORDER s 
where
f.foodid = s.itemid and s.dealorfoodoraddon = 'FOOD' and o.orderid = s.orderid
--------------------------------------------------------
--  DDL for View FOOD_ADDONS_LINK
--------------------------------------------------------

  CREATE OR REPLACE FORCE VIEW "FOOD_ADDONS_LINK" ("FOOD", "ADDONAVAILABLE") AS SELECT 
    f.foodname as food , oa.name as addonavailable
FROM 
    fooditems f , addons oa , addons_food af 
where f.foodid = af.foodid and af.addonid = oa.adonid order by food
--------------------------------------------------------
--  DDL for View OUTLET_DEPT_VIEW
--------------------------------------------------------

  CREATE OR REPLACE FORCE VIEW "OUTLET_DEPT_VIEW" ("NAME", "OUTLETNAME", "DATEOFJOINING") AS SELECT 
    d.name, o.outletname , od.dateofjoining 
FROM 
    dept d, outlet o , outlet_dept od
where 
d.deptid = od.deptd and od.outletid = o.outletid
--------------------------------------------------------
--  DDL for View RIDER_ORDER
--------------------------------------------------------

  CREATE OR REPLACE FORCE VIEW "RIDER_ORDER" ("NAME", "NUMBEROFORDERS", "totalorder(PKR)") AS select lu.name , count(o.orderid) as numberoforders , sum(o.totalprice)  
"totalorder(PKR)" from riders lu , userorder o 
where o.riderid = lu.riderid group by lu.name
--------------------------------------------------------
--  DDL for View USER_ORDER
--------------------------------------------------------

  CREATE OR REPLACE FORCE VIEW "USER_ORDER" ("USERNAME", "NUMBEROFORDERS", "totalorder(PKR)") AS select lu.username , count(o.orderid) as numberoforders , sum(o.totalprice)  "totalorder(PKR)" from login_user lu , userorder o where o.userid = lu.userid group by lu.username
REM INSERTING into ADDONS
SET DEFINE OFF;
Insert into ADDONS (ADONID,NAME,PRICE,AVAIABLE) values (1,'Cheese','20','yes');
Insert into ADDONS (ADONID,NAME,PRICE,AVAIABLE) values (2,'Raita','10','yes');
Insert into ADDONS (ADONID,NAME,PRICE,AVAIABLE) values (3,'salad','50','yes');
Insert into ADDONS (ADONID,NAME,PRICE,AVAIABLE) values (6,null,null,null);
REM INSERTING into ADDONS_FOOD
SET DEFINE OFF;
Insert into ADDONS_FOOD (ID,FOODID,ADDONID,MAX_QTY) values (1,5,1,2);
Insert into ADDONS_FOOD (ID,FOODID,ADDONID,MAX_QTY) values (2,5,2,null);
Insert into ADDONS_FOOD (ID,FOODID,ADDONID,MAX_QTY) values (3,6,1,2);
Insert into ADDONS_FOOD (ID,FOODID,ADDONID,MAX_QTY) values (4,6,2,null);
REM INSERTING into ADDONS_HISTORY
SET DEFINE OFF;
REM INSERTING into BRANCHES
SET DEFINE OFF;
Insert into BRANCHES (BID,NAME,PHONE,ADDRESS,MAIL,MENUID,OPENDATE,RESID,OPENTIMING,CLOSETIMING,DELIVERYCHARGES,DTIME) values (1,'GreenTown','789',null,null,1,null,1,null,null,null,null);
Insert into BRANCHES (BID,NAME,PHONE,ADDRESS,MAIL,MENUID,OPENDATE,RESID,OPENTIMING,CLOSETIMING,DELIVERYCHARGES,DTIME) values (2,'ShahFaisal','987',null,null,3,null,2,null,null,null,null);
Insert into BRANCHES (BID,NAME,PHONE,ADDRESS,MAIL,MENUID,OPENDATE,RESID,OPENTIMING,CLOSETIMING,DELIVERYCHARGES,DTIME) values (3,'ModelColony','785',null,null,2,null,2,null,null,null,null);
REM INSERTING into CATAGORY
SET DEFINE OFF;
Insert into CATAGORY (ID,NAME,DISCOUNT,MENUID) values (1,'fastFood',0,1);
Insert into CATAGORY (ID,NAME,DISCOUNT,MENUID) values (2,'Soft',0,1);
REM INSERTING into CATAGORY_HISTORY
SET DEFINE OFF;
REM INSERTING into COUPONS
SET DEFINE OFF;
REM INSERTING into COUPONS_HISTORY
SET DEFINE OFF;
REM INSERTING into DEALS
SET DEFINE OFF;
Insert into DEALS (ID,NAME,PRICE,EXPDATE,MENUID) values (1,'Happy','150',null,1);
Insert into DEALS (ID,NAME,PRICE,EXPDATE,MENUID) values (2,'Roll','100',null,1);
REM INSERTING into DEALS_HISTORY
SET DEFINE OFF;
REM INSERTING into DEAL_CHOICE
SET DEFINE OFF;
REM INSERTING into DELIVERYADDRESS
SET DEFINE OFF;
Insert into DELIVERYADDRESS (ID,ADDRESS,CITY,FLOOR,STREET,PHONE,ADDTIONALDETAILS,USERID) values (1,'ABC','karachi',null,null,'098',null,1);
Insert into DELIVERYADDRESS (ID,ADDRESS,CITY,FLOOR,STREET,PHONE,ADDTIONALDETAILS,USERID) values (2,'ABC2','karachi',null,null,'090',null,1);
Insert into DELIVERYADDRESS (ID,ADDRESS,CITY,FLOOR,STREET,PHONE,ADDTIONALDETAILS,USERID) values (3,'abc3','karachi',null,null,null,null,2);
REM INSERTING into DEPT
SET DEFINE OFF;
Insert into DEPT (DEPTID,NAME) values (1,'IT');
Insert into DEPT (DEPTID,NAME) values (2,'HR');
REM INSERTING into DEPT_HISTORY
SET DEFINE OFF;
REM INSERTING into EMP_HISTORY
SET DEFINE OFF;
REM INSERTING into ENAME
SET DEFINE OFF;
Insert into ENAME (EMPID,ENUM,ENAME,JOBTYPE,DEPTID,OUTLETID,MGRNUM,HIREDATE,AGE,PHONENUMBER,ADDRESS,EMAIL) values (1,'045','Huzaifa','Manager',2,1,null,null,'13',null,null,null);
Insert into ENAME (EMPID,ENUM,ENAME,JOBTYPE,DEPTID,OUTLETID,MGRNUM,HIREDATE,AGE,PHONENUMBER,ADDRESS,EMAIL) values (2,'057','Musabbiha','Clerk',1,1,1,null,null,null,null,null);
REM INSERTING into FOODITEMS
SET DEFINE OFF;
Insert into FOODITEMS (FOODID,FOODNAME,UNITPRICE,ADDONS,DISCOUNT,CATID) values (5,'Zinger','120','yes',0,1);
Insert into FOODITEMS (FOODID,FOODNAME,UNITPRICE,ADDONS,DISCOUNT,CATID) values (6,'roll','60','no',0,1);
Insert into FOODITEMS (FOODID,FOODNAME,UNITPRICE,ADDONS,DISCOUNT,CATID) values (7,'sting','60','no',0,2);
REM INSERTING into FOOD_DEALS
SET DEFINE OFF;
Insert into FOOD_DEALS (ID,FOODID,DEALID,QTY,CHOICE) values (4,6,2,1,'no');
Insert into FOOD_DEALS (ID,FOODID,DEALID,QTY,CHOICE) values (5,7,2,1,'no');
Insert into FOOD_DEALS (ID,FOODID,DEALID,QTY,CHOICE) values (2,5,1,1,'no');
Insert into FOOD_DEALS (ID,FOODID,DEALID,QTY,CHOICE) values (3,7,1,1,'no');
REM INSERTING into FOOD_DEALS_HISTORY
SET DEFINE OFF;
REM INSERTING into FOOD_HISTORY
SET DEFINE OFF;
REM INSERTING into LOGIN_USER
SET DEFINE OFF;
Insert into LOGIN_USER (USERID,NAME,PHONENUMBER,AGE,USERNAME,PASSWORD,EMAIL,DATEOFBIRTH) values (1,'Tabish','09',67,'tabish','1234',null,null);
Insert into LOGIN_USER (USERID,NAME,PHONENUMBER,AGE,USERNAME,PASSWORD,EMAIL,DATEOFBIRTH) values (2,'Sarim','08',18,'sarim','1234',null,null);
REM INSERTING into MENUS
SET DEFINE OFF;
Insert into MENUS (ID,NAME,RESTURANTID) values (1,'Classic',1);
Insert into MENUS (ID,NAME,RESTURANTID) values (2,'NonClassic',2);
Insert into MENUS (ID,NAME,RESTURANTID) values (3,'Crispy',2);
REM INSERTING into ORDERSTATUS
SET DEFINE OFF;
REM INSERTING into OUTLET
SET DEFINE OFF;
Insert into OUTLET (OUTLETID,OUTLETNAME,PHONE,ADDRESS,OPEINGDATE,EMAIL) values (1,'Johar Outlet','021','ABC','12/02/2020','abc');
Insert into OUTLET (OUTLETID,OUTLETNAME,PHONE,ADDRESS,OPEINGDATE,EMAIL) values (2,'AIRport','023','BAC',null,null);
REM INSERTING into OUTLET_DEPT
SET DEFINE OFF;
Insert into OUTLET_DEPT (ID,DEPTD,OUTLETID,DATEOFJOINING) values (1,1,1,to_date('14-JUL-20','DD-MON-RR'));
Insert into OUTLET_DEPT (ID,DEPTD,OUTLETID,DATEOFJOINING) values (2,2,1,to_date('01-JUL-20','DD-MON-RR'));
Insert into OUTLET_DEPT (ID,DEPTD,OUTLETID,DATEOFJOINING) values (3,2,2,to_date('03-JUL-20','DD-MON-RR'));
REM INSERTING into PAYMENTDETAILS
SET DEFINE OFF;
REM INSERTING into RESTURANT
SET DEFINE OFF;
Insert into RESTURANT (RESID,PHONE,RESNAME,USERNAME,PASSWORD,MGRNAME,TYPE,ADDRESS,MAIL,OUTLETID,REGISTERDATE) values (1,'021','Habib','habib021','12345','SirMalik',null,'ABC','abc',1,to_date('01-JUL-20','DD-MON-RR'));
Insert into RESTURANT (RESID,PHONE,RESNAME,USERNAME,PASSWORD,MGRNAME,TYPE,ADDRESS,MAIL,OUTLETID,REGISTERDATE) values (2,'023','A One','aone023','12345','MaamSaba',null,'abc','abc',2,to_date('02-JUL-20','DD-MON-RR'));
REM INSERTING into RESTURANT_HISTORY
SET DEFINE OFF;
REM INSERTING into RIDERS
SET DEFINE OFF;
Insert into RIDERS (RIDERID,NAME,PHONENUMBER,EMAIL,ADDRESS,ISAVAIABLE,OUTLETID) values (1,'sabby','123','abc',null,'yes',1);
REM INSERTING into RIDER_HISTORY
SET DEFINE OFF;
REM INSERTING into SUB_ORDER
SET DEFINE OFF;
Insert into SUB_ORDER (SUBORDERID,ORDERID,ITEMID,DEALORFOODORADDON,QTY,PRICE,ADDONS) values (1,1,5,'FOOD',1,120,'no');
Insert into SUB_ORDER (SUBORDERID,ORDERID,ITEMID,DEALORFOODORADDON,QTY,PRICE,ADDONS) values (2,1,6,'FOOD',1,60,'no');
Insert into SUB_ORDER (SUBORDERID,ORDERID,ITEMID,DEALORFOODORADDON,QTY,PRICE,ADDONS) values (3,2,5,'FOOD',1,120,'no');
Insert into SUB_ORDER (SUBORDERID,ORDERID,ITEMID,DEALORFOODORADDON,QTY,PRICE,ADDONS) values (6,3,1,'DEAL',1,150,'no');
Insert into SUB_ORDER (SUBORDERID,ORDERID,ITEMID,DEALORFOODORADDON,QTY,PRICE,ADDONS) values (7,5,5,'FOOD',1,120,'yes');
Insert into SUB_ORDER (SUBORDERID,ORDERID,ITEMID,DEALORFOODORADDON,QTY,PRICE,ADDONS) values (8,6,1,'ADDON',3,60,'no');
REM INSERTING into SUB_ORDER_ADDON
SET DEFINE OFF;
Insert into SUB_ORDER_ADDON (ID,SUBORDERID,ADDONID,QTY,PRICE) values (1,7,1,2,40);
REM INSERTING into SUB_ORDER_DEAL
SET DEFINE OFF;
Insert into SUB_ORDER_DEAL (ID,SUBORDERID,FOODID) values (1,6,5);
Insert into SUB_ORDER_DEAL (ID,SUBORDERID,FOODID) values (2,6,7);
REM INSERTING into USERORDER
SET DEFINE OFF;
Insert into USERORDER (ORDERID,USERID,RIDERID,STATUSID,BRANCHID,PAYMENTID,PAYMENTMETHOD,DELIVERYADDRESS,TOTALPRICE,DISCOUNT,DATEOFORDER) values (1,1,1,null,1,null,'COD',2,180,0,to_date('14-JUL-20','DD-MON-RR'));
Insert into USERORDER (ORDERID,USERID,RIDERID,STATUSID,BRANCHID,PAYMENTID,PAYMENTMETHOD,DELIVERYADDRESS,TOTALPRICE,DISCOUNT,DATEOFORDER) values (2,1,1,null,1,null,'COD',2,120,0,to_date('09-JUL-20','DD-MON-RR'));
Insert into USERORDER (ORDERID,USERID,RIDERID,STATUSID,BRANCHID,PAYMENTID,PAYMENTMETHOD,DELIVERYADDRESS,TOTALPRICE,DISCOUNT,DATEOFORDER) values (3,2,1,null,1,null,'COD',3,150,0,to_date('11-JUL-20','DD-MON-RR'));
Insert into USERORDER (ORDERID,USERID,RIDERID,STATUSID,BRANCHID,PAYMENTID,PAYMENTMETHOD,DELIVERYADDRESS,TOTALPRICE,DISCOUNT,DATEOFORDER) values (5,1,1,null,1,null,'COD',2,160,0,to_date('15-JUL-20','DD-MON-RR'));
Insert into USERORDER (ORDERID,USERID,RIDERID,STATUSID,BRANCHID,PAYMENTID,PAYMENTMETHOD,DELIVERYADDRESS,TOTALPRICE,DISCOUNT,DATEOFORDER) values (6,2,1,null,1,null,'COD',3,60,0,to_date('13-JUL-20','DD-MON-RR'));
REM INSERTING into USER_COUPON
SET DEFINE OFF;
REM INSERTING into BRANCH_NUMBER
SET DEFINE OFF;
Insert into BRANCH_NUMBER (NAME,NUMBEROFORDERS,"totalorder(PKR)") values ('GreenTown',5,670);
REM INSERTING into DEALSALE
SET DEFINE OFF;
Insert into DEALSALE (NAME,PRICE,DATEOFORDER,QTY) values ('Happy','150',to_date('11-JUL-20','DD-MON-RR'),1);
REM INSERTING into DEALSDETAILS
SET DEFINE OFF;
Insert into DEALSDETAILS (FOODNAME,UNITPRICE,DEALNAME,DEALPRICE,QTY) values ('Zinger','120','Happy','150',1);
Insert into DEALSDETAILS (FOODNAME,UNITPRICE,DEALNAME,DEALPRICE,QTY) values ('roll','60','Roll','100',1);
Insert into DEALSDETAILS (FOODNAME,UNITPRICE,DEALNAME,DEALPRICE,QTY) values ('sting','60','Roll','100',1);
Insert into DEALSDETAILS (FOODNAME,UNITPRICE,DEALNAME,DEALPRICE,QTY) values ('sting','60','Happy','150',1);
REM INSERTING into EMP_DEPARTMENT
SET DEFINE OFF;
Insert into EMP_DEPARTMENT (ENAME,DEPTNAME,OUTLETNAME,MANAGER) values ('Huzaifa','HR','Johar Outlet','Musabbiha');
REM INSERTING into FOODITEMDETAILS
SET DEFINE OFF;
Insert into FOODITEMDETAILS (FOODNAME,UNITPRICE,DATEOFORDER,QTY) values ('Zinger','120',to_date('14-JUL-20','DD-MON-RR'),1);
Insert into FOODITEMDETAILS (FOODNAME,UNITPRICE,DATEOFORDER,QTY) values ('Zinger','120',to_date('15-JUL-20','DD-MON-RR'),1);
Insert into FOODITEMDETAILS (FOODNAME,UNITPRICE,DATEOFORDER,QTY) values ('Zinger','120',to_date('09-JUL-20','DD-MON-RR'),1);
Insert into FOODITEMDETAILS (FOODNAME,UNITPRICE,DATEOFORDER,QTY) values ('roll','60',to_date('14-JUL-20','DD-MON-RR'),1);
REM INSERTING into FOOD_ADDONS_LINK
SET DEFINE OFF;
Insert into FOOD_ADDONS_LINK (FOOD,ADDONAVAILABLE) values ('Zinger','Cheese');
Insert into FOOD_ADDONS_LINK (FOOD,ADDONAVAILABLE) values ('Zinger','Raita');
Insert into FOOD_ADDONS_LINK (FOOD,ADDONAVAILABLE) values ('roll','Raita');
Insert into FOOD_ADDONS_LINK (FOOD,ADDONAVAILABLE) values ('roll','Cheese');
REM INSERTING into OUTLET_DEPT_VIEW
SET DEFINE OFF;
Insert into OUTLET_DEPT_VIEW (NAME,OUTLETNAME,DATEOFJOINING) values ('IT','Johar Outlet',to_date('14-JUL-20','DD-MON-RR'));
Insert into OUTLET_DEPT_VIEW (NAME,OUTLETNAME,DATEOFJOINING) values ('HR','AIRport',to_date('03-JUL-20','DD-MON-RR'));
Insert into OUTLET_DEPT_VIEW (NAME,OUTLETNAME,DATEOFJOINING) values ('HR','Johar Outlet',to_date('01-JUL-20','DD-MON-RR'));
REM INSERTING into RIDER_ORDER
SET DEFINE OFF;
Insert into RIDER_ORDER (NAME,NUMBEROFORDERS,"totalorder(PKR)") values ('sabby',5,670);
REM INSERTING into USER_ORDER
SET DEFINE OFF;
Insert into USER_ORDER (USERNAME,NUMBEROFORDERS,"totalorder(PKR)") values ('tabish',3,460);
Insert into USER_ORDER (USERNAME,NUMBEROFORDERS,"totalorder(PKR)") values ('sarim',2,210);
--------------------------------------------------------
--  DDL for Index ADDONS_FOOD_PK
--------------------------------------------------------

  CREATE UNIQUE INDEX "ADDONS_FOOD_PK" ON "ADDONS_FOOD" ("ID")
--------------------------------------------------------
--  DDL for Index ADDONS_HISTORY_PK
--------------------------------------------------------

  CREATE UNIQUE INDEX "ADDONS_HISTORY_PK" ON "ADDONS_HISTORY" ("ID")
--------------------------------------------------------
--  DDL for Index ADDONS_PK
--------------------------------------------------------

  CREATE UNIQUE INDEX "ADDONS_PK" ON "ADDONS" ("ADONID")
--------------------------------------------------------
--  DDL for Index BRANCHES_PK
--------------------------------------------------------

  CREATE UNIQUE INDEX "BRANCHES_PK" ON "BRANCHES" ("BID")
--------------------------------------------------------
--  DDL for Index CATAGORY_HISTORY_PK
--------------------------------------------------------

  CREATE UNIQUE INDEX "CATAGORY_HISTORY_PK" ON "CATAGORY_HISTORY" ("CATHIID")
--------------------------------------------------------
--  DDL for Index CATAGORY_PK
--------------------------------------------------------

  CREATE UNIQUE INDEX "CATAGORY_PK" ON "CATAGORY" ("ID")
--------------------------------------------------------
--  DDL for Index COUPONS_HISTORY_PK
--------------------------------------------------------

  CREATE UNIQUE INDEX "COUPONS_HISTORY_PK" ON "COUPONS_HISTORY" ("ID")
--------------------------------------------------------
--  DDL for Index COUPONS_PK
--------------------------------------------------------

  CREATE UNIQUE INDEX "COUPONS_PK" ON "COUPONS" ("COUPONID")
--------------------------------------------------------
--  DDL for Index DEALS_HISTORY_PK
--------------------------------------------------------

  CREATE UNIQUE INDEX "DEALS_HISTORY_PK" ON "DEALS_HISTORY" ("DEALHISTORYID")
--------------------------------------------------------
--  DDL for Index DEALS_PK
--------------------------------------------------------

  CREATE UNIQUE INDEX "DEALS_PK" ON "DEALS" ("ID")
--------------------------------------------------------
--  DDL for Index DEAL_CHOICE_PK
--------------------------------------------------------

  CREATE UNIQUE INDEX "DEAL_CHOICE_PK" ON "DEAL_CHOICE" ("DCID")
--------------------------------------------------------
--  DDL for Index DELIVERYADDRESS_PK
--------------------------------------------------------

  CREATE UNIQUE INDEX "DELIVERYADDRESS_PK" ON "DELIVERYADDRESS" ("ID")
--------------------------------------------------------
--  DDL for Index DEPT_HISTORY_PK
--------------------------------------------------------

  CREATE UNIQUE INDEX "DEPT_HISTORY_PK" ON "DEPT_HISTORY" ("ID")
--------------------------------------------------------
--  DDL for Index DEPT_PK
--------------------------------------------------------

  CREATE UNIQUE INDEX "DEPT_PK" ON "DEPT" ("DEPTID")
--------------------------------------------------------
--  DDL for Index EMP_HISTORY_PK
--------------------------------------------------------

  CREATE UNIQUE INDEX "EMP_HISTORY_PK" ON "EMP_HISTORY" ("ID")
--------------------------------------------------------
--  DDL for Index FOODITEMS_PK
--------------------------------------------------------

  CREATE UNIQUE INDEX "FOODITEMS_PK" ON "FOODITEMS" ("FOODID")
--------------------------------------------------------
--  DDL for Index FOOD_DEALS_HISTORY_PK
--------------------------------------------------------

  CREATE UNIQUE INDEX "FOOD_DEALS_HISTORY_PK" ON "FOOD_DEALS_HISTORY" ("FDHID")
--------------------------------------------------------
--  DDL for Index FOOD_DEALS_PK
--------------------------------------------------------

  CREATE UNIQUE INDEX "FOOD_DEALS_PK" ON "FOOD_DEALS" ("ID")
--------------------------------------------------------
--  DDL for Index FOOD_HISTORY_PK
--------------------------------------------------------

  CREATE UNIQUE INDEX "FOOD_HISTORY_PK" ON "FOOD_HISTORY" ("ID")
--------------------------------------------------------
--  DDL for Index LOGIN_USER_PK
--------------------------------------------------------

  CREATE UNIQUE INDEX "LOGIN_USER_PK" ON "LOGIN_USER" ("USERID")
--------------------------------------------------------
--  DDL for Index MENUS_PK
--------------------------------------------------------

  CREATE UNIQUE INDEX "MENUS_PK" ON "MENUS" ("ID")
--------------------------------------------------------
--  DDL for Index ORDERSTATUS_PK
--------------------------------------------------------

  CREATE UNIQUE INDEX "ORDERSTATUS_PK" ON "ORDERSTATUS" ("STATUSID")
--------------------------------------------------------
--  DDL for Index OUTLET_DEPT_PK
--------------------------------------------------------

  CREATE UNIQUE INDEX "OUTLET_DEPT_PK" ON "OUTLET_DEPT" ("ID")
--------------------------------------------------------
--  DDL for Index PAYMENTDETAILS_PK
--------------------------------------------------------

  CREATE UNIQUE INDEX "PAYMENTDETAILS_PK" ON "PAYMENTDETAILS" ("ID")
--------------------------------------------------------
--  DDL for Index RESTURANT_HISTORY_PK
--------------------------------------------------------

  CREATE UNIQUE INDEX "RESTURANT_HISTORY_PK" ON "RESTURANT_HISTORY" ("ID")
--------------------------------------------------------
--  DDL for Index RESTURANT_PK
--------------------------------------------------------

  CREATE UNIQUE INDEX "RESTURANT_PK" ON "RESTURANT" ("RESID")
--------------------------------------------------------
--  DDL for Index RIDERS_PK
--------------------------------------------------------

  CREATE UNIQUE INDEX "RIDERS_PK" ON "RIDERS" ("RIDERID")
--------------------------------------------------------
--  DDL for Index RIDER_HISTORY_PK
--------------------------------------------------------

  CREATE UNIQUE INDEX "RIDER_HISTORY_PK" ON "RIDER_HISTORY" ("ID")
--------------------------------------------------------
--  DDL for Index SUB_ORDER_ADDON_PK
--------------------------------------------------------

  CREATE UNIQUE INDEX "SUB_ORDER_ADDON_PK" ON "SUB_ORDER_ADDON" ("ID")
--------------------------------------------------------
--  DDL for Index SUB_ORDER_DEAL_PK
--------------------------------------------------------

  CREATE UNIQUE INDEX "SUB_ORDER_DEAL_PK" ON "SUB_ORDER_DEAL" ("ID")
--------------------------------------------------------
--  DDL for Index SUB_ORDER_PK
--------------------------------------------------------

  CREATE UNIQUE INDEX "SUB_ORDER_PK" ON "SUB_ORDER" ("SUBORDERID")
--------------------------------------------------------
--  DDL for Index TABLE1_PK
--------------------------------------------------------

  CREATE UNIQUE INDEX "TABLE1_PK" ON "ENAME" ("EMPID")
--------------------------------------------------------
--  DDL for Index TABLE1_PK1
--------------------------------------------------------

  CREATE UNIQUE INDEX "TABLE1_PK1" ON "OUTLET" ("OUTLETID")
--------------------------------------------------------
--  DDL for Index USERORDER_PK
--------------------------------------------------------

  CREATE UNIQUE INDEX "USERORDER_PK" ON "USERORDER" ("ORDERID")
--------------------------------------------------------
--  DDL for Index USER_COUPON_PK
--------------------------------------------------------

  CREATE UNIQUE INDEX "USER_COUPON_PK" ON "USER_COUPON" ("ID")
--------------------------------------------------------
--  DDL for Trigger ADDONS_FOOD_TRG
--------------------------------------------------------

  CREATE OR REPLACE TRIGGER "ADDONS_FOOD_TRG" 
BEFORE INSERT ON ADDONS_FOOD 
FOR EACH ROW 
BEGIN
  <<COLUMN_SEQUENCES>>
  BEGIN
    IF INSERTING AND :NEW.ID IS NULL THEN
      SELECT ADDONS_FOOD_SEQ.NEXTVAL INTO :NEW.ID FROM SYS.DUAL;
    END IF;
  END COLUMN_SEQUENCES;
END;
ALTER TRIGGER "ADDONS_FOOD_TRG" ENABLE
--------------------------------------------------------
--  DDL for Trigger ADDONS_HISTORY_TRG
--------------------------------------------------------

  CREATE OR REPLACE TRIGGER "ADDONS_HISTORY_TRG" 
BEFORE INSERT ON ADDONS_HISTORY 
FOR EACH ROW 
BEGIN
  <<COLUMN_SEQUENCES>>
  BEGIN
    NULL;
  END COLUMN_SEQUENCES;
END;
ALTER TRIGGER "ADDONS_HISTORY_TRG" ENABLE
--------------------------------------------------------
--  DDL for Trigger ADDONS_TRG
--------------------------------------------------------

  CREATE OR REPLACE TRIGGER "ADDONS_TRG" 
BEFORE INSERT ON ADDONS 
FOR EACH ROW 
BEGIN
  <<COLUMN_SEQUENCES>>
  BEGIN
    NULL;
  END COLUMN_SEQUENCES;
END;
ALTER TRIGGER "ADDONS_TRG" ENABLE
--------------------------------------------------------
--  DDL for Trigger ADDONS_TRG1
--------------------------------------------------------

  CREATE OR REPLACE TRIGGER "ADDONS_TRG1" 
BEFORE INSERT ON ADDONS 
FOR EACH ROW 
BEGIN
  <<COLUMN_SEQUENCES>>
  BEGIN
    IF INSERTING AND :NEW.ADONID IS NULL THEN
      SELECT ADDONS_SEQ1.NEXTVAL INTO :NEW.ADONID FROM SYS.DUAL;
    END IF;
  END COLUMN_SEQUENCES;
END;
ALTER TRIGGER "ADDONS_TRG1" ENABLE
--------------------------------------------------------
--  DDL for Trigger BRANCHES_TRG
--------------------------------------------------------

  CREATE OR REPLACE TRIGGER "BRANCHES_TRG" 
BEFORE INSERT ON BRANCHES 
FOR EACH ROW 
BEGIN
  <<COLUMN_SEQUENCES>>
  BEGIN
    IF INSERTING AND :NEW.BID IS NULL THEN
      SELECT BRANCHES_SEQ2.NEXTVAL INTO :NEW.BID FROM SYS.DUAL;
    END IF;
  END COLUMN_SEQUENCES;
END;
ALTER TRIGGER "BRANCHES_TRG" ENABLE
--------------------------------------------------------
--  DDL for Trigger BRANCHES_TRG1
--------------------------------------------------------

  CREATE OR REPLACE TRIGGER "BRANCHES_TRG1" 
BEFORE INSERT ON BRANCHES 
FOR EACH ROW 
BEGIN
  <<COLUMN_SEQUENCES>>
  BEGIN
    NULL;
  END COLUMN_SEQUENCES;
END;
ALTER TRIGGER "BRANCHES_TRG1" ENABLE
--------------------------------------------------------
--  DDL for Trigger CATAGORY_HISTORY_TRG
--------------------------------------------------------

  CREATE OR REPLACE TRIGGER "CATAGORY_HISTORY_TRG" 
BEFORE INSERT ON CATAGORY_HISTORY 
FOR EACH ROW 
BEGIN
  <<COLUMN_SEQUENCES>>
  BEGIN
    IF INSERTING AND :NEW.CATHIID IS NULL THEN
      SELECT CATAGORY_HISTORY_SEQ.NEXTVAL INTO :NEW.CATHIID FROM SYS.DUAL;
    END IF;
  END COLUMN_SEQUENCES;
END;
ALTER TRIGGER "CATAGORY_HISTORY_TRG" ENABLE
--------------------------------------------------------
--  DDL for Trigger CATAGORY_TRG
--------------------------------------------------------

  CREATE OR REPLACE TRIGGER "CATAGORY_TRG" 
BEFORE INSERT ON CATAGORY 
FOR EACH ROW 
BEGIN
  <<COLUMN_SEQUENCES>>
  BEGIN
    NULL;
  END COLUMN_SEQUENCES;
END;
ALTER TRIGGER "CATAGORY_TRG" ENABLE
--------------------------------------------------------
--  DDL for Trigger CATAGORY_TRG1
--------------------------------------------------------

  CREATE OR REPLACE TRIGGER "CATAGORY_TRG1" 
BEFORE INSERT ON CATAGORY 
FOR EACH ROW 
BEGIN
  <<COLUMN_SEQUENCES>>
  BEGIN
    NULL;
  END COLUMN_SEQUENCES;
END;
ALTER TRIGGER "CATAGORY_TRG1" ENABLE
--------------------------------------------------------
--  DDL for Trigger COUPONS_HISTORY_TRG
--------------------------------------------------------

  CREATE OR REPLACE TRIGGER "COUPONS_HISTORY_TRG" 
BEFORE INSERT ON COUPONS_HISTORY 
FOR EACH ROW 
BEGIN
  <<COLUMN_SEQUENCES>>
  BEGIN
    IF INSERTING AND :NEW.ID IS NULL THEN
      SELECT COUPONS_HISTORY_SEQ.NEXTVAL INTO :NEW.ID FROM SYS.DUAL;
    END IF;
  END COLUMN_SEQUENCES;
END;
ALTER TRIGGER "COUPONS_HISTORY_TRG" ENABLE
--------------------------------------------------------
--  DDL for Trigger COUPONS_TRG
--------------------------------------------------------

  CREATE OR REPLACE TRIGGER "COUPONS_TRG" 
BEFORE INSERT ON COUPONS 
FOR EACH ROW 
BEGIN
  <<COLUMN_SEQUENCES>>
  BEGIN
    IF INSERTING AND :NEW.COUPONID IS NULL THEN
      SELECT COUPONS_SEQ.NEXTVAL INTO :NEW.COUPONID FROM SYS.DUAL;
    END IF;
  END COLUMN_SEQUENCES;
END;
ALTER TRIGGER "COUPONS_TRG" ENABLE
--------------------------------------------------------
--  DDL for Trigger DEALS_HISTORY_TRG
--------------------------------------------------------

  CREATE OR REPLACE TRIGGER "DEALS_HISTORY_TRG" 
BEFORE INSERT ON DEALS_HISTORY 
FOR EACH ROW 
BEGIN
  <<COLUMN_SEQUENCES>>
  BEGIN
    IF INSERTING AND :NEW.DEALHISTORYID IS NULL THEN
      SELECT DEALS_HISTORY_SEQ.NEXTVAL INTO :NEW.DEALHISTORYID FROM SYS.DUAL;
    END IF;
  END COLUMN_SEQUENCES;
END;
ALTER TRIGGER "DEALS_HISTORY_TRG" ENABLE
--------------------------------------------------------
--  DDL for Trigger DEALS_TRG
--------------------------------------------------------

  CREATE OR REPLACE TRIGGER "DEALS_TRG" 
BEFORE INSERT ON DEALS 
FOR EACH ROW 
BEGIN
  <<COLUMN_SEQUENCES>>
  BEGIN
    NULL;
  END COLUMN_SEQUENCES;
END;
ALTER TRIGGER "DEALS_TRG" ENABLE
--------------------------------------------------------
--  DDL for Trigger DEALS_TRG1
--------------------------------------------------------

  CREATE OR REPLACE TRIGGER "DEALS_TRG1" 
BEFORE INSERT ON DEALS 
FOR EACH ROW 
BEGIN
  <<COLUMN_SEQUENCES>>
  BEGIN
    IF INSERTING AND :NEW.ID IS NULL THEN
      SELECT DEALS_SEQ1.NEXTVAL INTO :NEW.ID FROM SYS.DUAL;
    END IF;
  END COLUMN_SEQUENCES;
END;
ALTER TRIGGER "DEALS_TRG1" ENABLE
--------------------------------------------------------
--  DDL for Trigger DEAL_CHOICE_TRG
--------------------------------------------------------

  CREATE OR REPLACE TRIGGER "DEAL_CHOICE_TRG" 
BEFORE INSERT ON DEAL_CHOICE 
FOR EACH ROW 
BEGIN
  <<COLUMN_SEQUENCES>>
  BEGIN
    IF INSERTING AND :NEW.DCID IS NULL THEN
      SELECT DEAL_CHOICE_SEQ.NEXTVAL INTO :NEW.DCID FROM SYS.DUAL;
    END IF;
  END COLUMN_SEQUENCES;
END;
ALTER TRIGGER "DEAL_CHOICE_TRG" ENABLE
--------------------------------------------------------
--  DDL for Trigger DELIVERYADDRESS_TRG
--------------------------------------------------------

  CREATE OR REPLACE TRIGGER "DELIVERYADDRESS_TRG" 
BEFORE INSERT ON DELIVERYADDRESS 
FOR EACH ROW 
BEGIN
  <<COLUMN_SEQUENCES>>
  BEGIN
    IF INSERTING AND :NEW.ID IS NULL THEN
      SELECT DELIVERYADDRESS_SEQ.NEXTVAL INTO :NEW.ID FROM SYS.DUAL;
    END IF;
  END COLUMN_SEQUENCES;
END;
ALTER TRIGGER "DELIVERYADDRESS_TRG" ENABLE
--------------------------------------------------------
--  DDL for Trigger DEPT_HISTORY_TRG
--------------------------------------------------------

  CREATE OR REPLACE TRIGGER "DEPT_HISTORY_TRG" 
BEFORE INSERT ON DEPT_HISTORY 
FOR EACH ROW 
BEGIN
  <<COLUMN_SEQUENCES>>
  BEGIN
    IF INSERTING AND :NEW.ID IS NULL THEN
      SELECT DEPT_HISTORY_SEQ.NEXTVAL INTO :NEW.ID FROM SYS.DUAL;
    END IF;
  END COLUMN_SEQUENCES;
END;
ALTER TRIGGER "DEPT_HISTORY_TRG" ENABLE
--------------------------------------------------------
--  DDL for Trigger DEPT_TRG
--------------------------------------------------------

  CREATE OR REPLACE TRIGGER "DEPT_TRG" 
BEFORE INSERT ON DEPT 
FOR EACH ROW 
BEGIN
  <<COLUMN_SEQUENCES>>
  BEGIN
    IF INSERTING AND :NEW.DEPTID IS NULL THEN
      SELECT DEPT_SEQ.NEXTVAL INTO :NEW.DEPTID FROM SYS.DUAL;
    END IF;
  END COLUMN_SEQUENCES;
END;
ALTER TRIGGER "DEPT_TRG" ENABLE
--------------------------------------------------------
--  DDL for Trigger EMP_HISTORY_TRG
--------------------------------------------------------

  CREATE OR REPLACE TRIGGER "EMP_HISTORY_TRG" 
BEFORE INSERT ON EMP_HISTORY 
FOR EACH ROW 
BEGIN
  <<COLUMN_SEQUENCES>>
  BEGIN
    NULL;
  END COLUMN_SEQUENCES;
END;
ALTER TRIGGER "EMP_HISTORY_TRG" ENABLE
--------------------------------------------------------
--  DDL for Trigger FOODITEMS_TRG
--------------------------------------------------------

  CREATE OR REPLACE TRIGGER "FOODITEMS_TRG" 
BEFORE INSERT ON FOODITEMS 
FOR EACH ROW 
BEGIN
  <<COLUMN_SEQUENCES>>
  BEGIN
    IF INSERTING AND :NEW.FOODID IS NULL THEN
      SELECT FOODITEMS_SEQ.NEXTVAL INTO :NEW.FOODID FROM SYS.DUAL;
    END IF;
  END COLUMN_SEQUENCES;
END;
ALTER TRIGGER "FOODITEMS_TRG" ENABLE
--------------------------------------------------------
--  DDL for Trigger FOOD_DEALS_HISTORY_TRG
--------------------------------------------------------

  CREATE OR REPLACE TRIGGER "FOOD_DEALS_HISTORY_TRG" 
BEFORE INSERT ON FOOD_DEALS_HISTORY 
FOR EACH ROW 
BEGIN
  <<COLUMN_SEQUENCES>>
  BEGIN
    IF INSERTING AND :NEW.FDHID IS NULL THEN
      SELECT FOOD_DEALS_HISTORY_SEQ.NEXTVAL INTO :NEW.FDHID FROM SYS.DUAL;
    END IF;
  END COLUMN_SEQUENCES;
END;
ALTER TRIGGER "FOOD_DEALS_HISTORY_TRG" ENABLE
--------------------------------------------------------
--  DDL for Trigger FOOD_DEALS_TRG
--------------------------------------------------------

  CREATE OR REPLACE TRIGGER "FOOD_DEALS_TRG" 
BEFORE INSERT ON FOOD_DEALS 
FOR EACH ROW 
BEGIN
  <<COLUMN_SEQUENCES>>
  BEGIN
    IF INSERTING AND :NEW.ID IS NULL THEN
      SELECT FOOD_DEALS_SEQ.NEXTVAL INTO :NEW.ID FROM SYS.DUAL;
    END IF;
  END COLUMN_SEQUENCES;
END;
ALTER TRIGGER "FOOD_DEALS_TRG" ENABLE
--------------------------------------------------------
--  DDL for Trigger FOOD_HISTORY_TRG
--------------------------------------------------------

  CREATE OR REPLACE TRIGGER "FOOD_HISTORY_TRG" 
BEFORE INSERT ON FOOD_HISTORY 
FOR EACH ROW 
BEGIN
  <<COLUMN_SEQUENCES>>
  BEGIN
    IF INSERTING AND :NEW.ID IS NULL THEN
      SELECT FOOD_HISTORY_SEQ.NEXTVAL INTO :NEW.ID FROM SYS.DUAL;
    END IF;
  END COLUMN_SEQUENCES;
END;
ALTER TRIGGER "FOOD_HISTORY_TRG" ENABLE
--------------------------------------------------------
--  DDL for Trigger LOGIN_USER_TRG
--------------------------------------------------------

  CREATE OR REPLACE TRIGGER "LOGIN_USER_TRG" 
BEFORE INSERT ON LOGIN_USER 
FOR EACH ROW 
BEGIN
  <<COLUMN_SEQUENCES>>
  BEGIN
    IF INSERTING AND :NEW.USERID IS NULL THEN
      SELECT LOGIN_USER_SEQ.NEXTVAL INTO :NEW.USERID FROM SYS.DUAL;
    END IF;
  END COLUMN_SEQUENCES;
END;
ALTER TRIGGER "LOGIN_USER_TRG" ENABLE
--------------------------------------------------------
--  DDL for Trigger MENUS_TRG
--------------------------------------------------------

  CREATE OR REPLACE TRIGGER "MENUS_TRG" 
BEFORE INSERT ON MENUS 
FOR EACH ROW 
BEGIN
  <<COLUMN_SEQUENCES>>
  BEGIN
    NULL;
  END COLUMN_SEQUENCES;
END;
ALTER TRIGGER "MENUS_TRG" ENABLE
--------------------------------------------------------
--  DDL for Trigger MENUS_TRG1
--------------------------------------------------------

  CREATE OR REPLACE TRIGGER "MENUS_TRG1" 
BEFORE INSERT ON MENUS 
FOR EACH ROW 
BEGIN
  <<COLUMN_SEQUENCES>>
  BEGIN
    IF INSERTING AND :NEW.ID IS NULL THEN
      SELECT MENUS_SEQ1.NEXTVAL INTO :NEW.ID FROM SYS.DUAL;
    END IF;
  END COLUMN_SEQUENCES;
END;
ALTER TRIGGER "MENUS_TRG1" ENABLE
--------------------------------------------------------
--  DDL for Trigger ORDERSTATUS_TRG
--------------------------------------------------------

  CREATE OR REPLACE TRIGGER "ORDERSTATUS_TRG" 
BEFORE INSERT ON ORDERSTATUS 
FOR EACH ROW 
BEGIN
  <<COLUMN_SEQUENCES>>
  BEGIN
    IF INSERTING AND :NEW.STATUSID IS NULL THEN
      SELECT ORDERSTATUS_SEQ.NEXTVAL INTO :NEW.STATUSID FROM SYS.DUAL;
    END IF;
  END COLUMN_SEQUENCES;
END;
ALTER TRIGGER "ORDERSTATUS_TRG" ENABLE
--------------------------------------------------------
--  DDL for Trigger OUTLET_DEPT_TRG
--------------------------------------------------------

  CREATE OR REPLACE TRIGGER "OUTLET_DEPT_TRG" 
BEFORE INSERT ON OUTLET_DEPT 
FOR EACH ROW 
BEGIN
  <<COLUMN_SEQUENCES>>
  BEGIN
    IF INSERTING AND :NEW.ID IS NULL THEN
      SELECT OUTLET_DEPT_SEQ.NEXTVAL INTO :NEW.ID FROM SYS.DUAL;
    END IF;
  END COLUMN_SEQUENCES;
END;
ALTER TRIGGER "OUTLET_DEPT_TRG" ENABLE
--------------------------------------------------------
--  DDL for Trigger OUTLET_TRG
--------------------------------------------------------

  CREATE OR REPLACE TRIGGER "OUTLET_TRG" 
BEFORE INSERT ON OUTLET 
FOR EACH ROW 
BEGIN
  <<COLUMN_SEQUENCES>>
  BEGIN
    IF INSERTING AND :NEW.OUTLETID IS NULL THEN
      SELECT OUTLET_SEQ.NEXTVAL INTO :NEW.OUTLETID FROM SYS.DUAL;
    END IF;
  END COLUMN_SEQUENCES;
END;
ALTER TRIGGER "OUTLET_TRG" ENABLE
--------------------------------------------------------
--  DDL for Trigger PAYMENTDETAILS_TRG
--------------------------------------------------------

  CREATE OR REPLACE TRIGGER "PAYMENTDETAILS_TRG" 
BEFORE INSERT ON PAYMENTDETAILS 
FOR EACH ROW 
BEGIN
  <<COLUMN_SEQUENCES>>
  BEGIN
    IF INSERTING AND :NEW.ID IS NULL THEN
      SELECT PAYMENTDETAILS_SEQ.NEXTVAL INTO :NEW.ID FROM SYS.DUAL;
    END IF;
  END COLUMN_SEQUENCES;
END;
ALTER TRIGGER "PAYMENTDETAILS_TRG" ENABLE
--------------------------------------------------------
--  DDL for Trigger RESTURANT_HISTORY_TRG
--------------------------------------------------------

  CREATE OR REPLACE TRIGGER "RESTURANT_HISTORY_TRG" 
BEFORE INSERT ON RESTURANT_HISTORY 
FOR EACH ROW 
BEGIN
  <<COLUMN_SEQUENCES>>
  BEGIN
    IF INSERTING AND :NEW.ID IS NULL THEN
      SELECT RESTURANT_HISTORY_SEQ.NEXTVAL INTO :NEW.ID FROM SYS.DUAL;
    END IF;
  END COLUMN_SEQUENCES;
END;
ALTER TRIGGER "RESTURANT_HISTORY_TRG" ENABLE
--------------------------------------------------------
--  DDL for Trigger RESTURANT_TRG
--------------------------------------------------------

  CREATE OR REPLACE TRIGGER "RESTURANT_TRG" 
BEFORE INSERT ON RESTURANT 
FOR EACH ROW 
BEGIN
  <<COLUMN_SEQUENCES>>
  BEGIN
    NULL;
  END COLUMN_SEQUENCES;
END;
ALTER TRIGGER "RESTURANT_TRG" ENABLE
--------------------------------------------------------
--  DDL for Trigger RESTURANT_TRG1
--------------------------------------------------------

  CREATE OR REPLACE TRIGGER "RESTURANT_TRG1" 
BEFORE INSERT ON RESTURANT 
FOR EACH ROW 
BEGIN
  <<COLUMN_SEQUENCES>>
  BEGIN
    IF INSERTING AND :NEW.RESID IS NULL THEN
      SELECT RESTURANT_SEQ1.NEXTVAL INTO :NEW.RESID FROM SYS.DUAL;
    END IF;
  END COLUMN_SEQUENCES;
END;
ALTER TRIGGER "RESTURANT_TRG1" ENABLE
--------------------------------------------------------
--  DDL for Trigger RIDERS_TRG
--------------------------------------------------------

  CREATE OR REPLACE TRIGGER "RIDERS_TRG" 
BEFORE INSERT ON RIDERS 
FOR EACH ROW 
BEGIN
  <<COLUMN_SEQUENCES>>
  BEGIN
    IF INSERTING AND :NEW.RIDERID IS NULL THEN
      SELECT RIDERS_SEQ.NEXTVAL INTO :NEW.RIDERID FROM SYS.DUAL;
    END IF;
  END COLUMN_SEQUENCES;
END;
ALTER TRIGGER "RIDERS_TRG" ENABLE
--------------------------------------------------------
--  DDL for Trigger RIDER_HISTORY_TRG
--------------------------------------------------------

  CREATE OR REPLACE TRIGGER "RIDER_HISTORY_TRG" 
BEFORE INSERT ON RIDER_HISTORY 
FOR EACH ROW 
BEGIN
  <<COLUMN_SEQUENCES>>
  BEGIN
    IF INSERTING AND :NEW.ID IS NULL THEN
      SELECT RIDER_HISTORY_SEQ.NEXTVAL INTO :NEW.ID FROM SYS.DUAL;
    END IF;
  END COLUMN_SEQUENCES;
END;
ALTER TRIGGER "RIDER_HISTORY_TRG" ENABLE
--------------------------------------------------------
--  DDL for Trigger SUB_ORDER_ADDON_TRG
--------------------------------------------------------

  CREATE OR REPLACE TRIGGER "SUB_ORDER_ADDON_TRG" 
BEFORE INSERT ON SUB_ORDER_ADDON 
FOR EACH ROW 
BEGIN
  <<COLUMN_SEQUENCES>>
  BEGIN
    IF INSERTING AND :NEW.ID IS NULL THEN
      SELECT SUB_ORDER_ADDON_SEQ.NEXTVAL INTO :NEW.ID FROM SYS.DUAL;
    END IF;
  END COLUMN_SEQUENCES;
END;
ALTER TRIGGER "SUB_ORDER_ADDON_TRG" ENABLE
--------------------------------------------------------
--  DDL for Trigger SUB_ORDER_DEAL_TRG
--------------------------------------------------------

  CREATE OR REPLACE TRIGGER "SUB_ORDER_DEAL_TRG" 
BEFORE INSERT ON SUB_ORDER_DEAL 
FOR EACH ROW 
BEGIN
  <<COLUMN_SEQUENCES>>
  BEGIN
    IF INSERTING AND :NEW.ID IS NULL THEN
      SELECT SUB_ORDER_DEAL_SEQ.NEXTVAL INTO :NEW.ID FROM SYS.DUAL;
    END IF;
  END COLUMN_SEQUENCES;
END;
ALTER TRIGGER "SUB_ORDER_DEAL_TRG" ENABLE
--------------------------------------------------------
--  DDL for Trigger SUB_ORDER_TRG
--------------------------------------------------------

  CREATE OR REPLACE TRIGGER "SUB_ORDER_TRG" 
BEFORE INSERT ON SUB_ORDER 
FOR EACH ROW 
BEGIN
  <<COLUMN_SEQUENCES>>
  BEGIN
    NULL;
  END COLUMN_SEQUENCES;
END;
ALTER TRIGGER "SUB_ORDER_TRG" ENABLE
--------------------------------------------------------
--  DDL for Trigger SUB_ORDER_TRG1
--------------------------------------------------------

  CREATE OR REPLACE TRIGGER "SUB_ORDER_TRG1" 
BEFORE INSERT ON SUB_ORDER 
FOR EACH ROW 
BEGIN
  <<COLUMN_SEQUENCES>>
  BEGIN
    IF INSERTING AND :NEW.SUBORDERID IS NULL THEN
      SELECT SUB_ORDER_SEQ1.NEXTVAL INTO :NEW.SUBORDERID FROM SYS.DUAL;
    END IF;
  END COLUMN_SEQUENCES;
END;
ALTER TRIGGER "SUB_ORDER_TRG1" ENABLE
--------------------------------------------------------
--  DDL for Trigger TABLE1_TRG
--------------------------------------------------------

  CREATE OR REPLACE TRIGGER "TABLE1_TRG" 
BEFORE INSERT ON ENAME 
FOR EACH ROW 
BEGIN
  <<COLUMN_SEQUENCES>>
  BEGIN
    IF INSERTING AND :NEW.EMPID IS NULL THEN
      SELECT TABLE1_SEQ3.NEXTVAL INTO :NEW.EMPID FROM SYS.DUAL;
    END IF;
  END COLUMN_SEQUENCES;
END;
ALTER TRIGGER "TABLE1_TRG" ENABLE
--------------------------------------------------------
--  DDL for Trigger USERORDER_TRG
--------------------------------------------------------

  CREATE OR REPLACE TRIGGER "USERORDER_TRG" 
BEFORE INSERT ON USERORDER 
FOR EACH ROW 
BEGIN
  <<COLUMN_SEQUENCES>>
  BEGIN
    IF INSERTING AND :NEW.ORDERID IS NULL THEN
      SELECT USERORDER_SEQ.NEXTVAL INTO :NEW.ORDERID FROM SYS.DUAL;
    END IF;
  END COLUMN_SEQUENCES;
END;
ALTER TRIGGER "USERORDER_TRG" ENABLE
--------------------------------------------------------
--  DDL for Trigger USER_COUPON_TRG
--------------------------------------------------------

  CREATE OR REPLACE TRIGGER "USER_COUPON_TRG" 
BEFORE INSERT ON USER_COUPON 
FOR EACH ROW 
BEGIN
  <<COLUMN_SEQUENCES>>
  BEGIN
    IF INSERTING AND :NEW.ID IS NULL THEN
      SELECT USER_COUPON_SEQ.NEXTVAL INTO :NEW.ID FROM SYS.DUAL;
    END IF;
  END COLUMN_SEQUENCES;
END;
ALTER TRIGGER "USER_COUPON_TRG" ENABLE
--------------------------------------------------------
--  DDL for Procedure BRANCH_GETADDONS
--------------------------------------------------------
set define off;

  CREATE OR REPLACE PROCEDURE "BRANCH_GETADDONS" (b number)

is
cursor rest is


select uo.orderid as ordernumber, a.name as addonname, sba.qty as QTY, sba.price as price, f.foodname as fname, uo.dateoforder as dateoforder,b.name as branch from addons a,sub_order_addon sba, sub_order sb, fooditems f, userorder uo,branches b
where a.adonid = sba.addonid and sb.suborderid = sba.suborderid and sb.itemid = f.foodid and uo.orderid = sb.orderid and uo.branchid = b.bid and b.bid =b and sb.dealorfoodoraddon = 'FOOD';

cursor rest2 is

select uo.orderid as ordernumber, a.name as addonname , sb.qty as QTY, sb.price as price, uo.dateoforder as dateoforder,b.name as branch from addons a, sub_order sb, userorder uo,branches b
where a.adonid = sb.itemid and uo.orderid = sb.orderid and uo.branchid = b.bid and b.bid =b and sb.dealorfoodoraddon = 'ADDON';


rec rest%rowtype;
rec2 rest2%rowtype;

tnumbera number;
tnumberb number;
tearninga number;
tearningb number;
nameofbranch varchar2(20);

begin

select sum(sb.QTY) into tnumbera from sub_order sb , userorder uo , branches b where uo.orderid = sb.orderid and uo.branchid = b.bid and b.bid = b and sb.dealorfoodoraddon = 'ADDON';
select sum(soa.qty) into tnumberb from sub_order_addon soa , sub_order sb, branches b , userorder u where sb.suborderid = soa.suborderid and sb.orderid = u.orderid and u.branchid =b.bid and b.bid = b;

select sum(sb.price) into tearninga from sub_order sb, userorder u, branches b where sb.dealorfoodoraddon = 'ADDON' and u.orderid = sb.orderid and u.branchid = b.bid and b.bid =b;
select sum(soa.price) into tearningb from sub_order_addon soa, sub_order s, userorder u where soa.suborderid = s.suborderid and s.orderid = u.orderid and u.branchid = b;

select name into nameofbranch from branches where bid=b;

DBMS_OUTPUT.PUT_LINE('TOTAL SALE FOR BRANCH ' || nameofbranch || ' is: ' || TO_CHAR(tearninga + tearningb));
DBMS_OUTPUT.PUT_LINE('TOTAL ADDON FOR BRANCH ' || nameofbranch || ' is: ' || TO_CHAR(tnumbera + tnumberb));
DBMS_OUTPUT.PUT_LINE('');
DBMS_OUTPUT.PUT_LINE('');
DBMS_OUTPUT.PUT_LINE('FOR FOODS');
DBMS_OUTPUT.PUT_LINE('----------------------------------------------------------------------------------------------------------');
DBMS_OUTPUT.PUT_line('ordernumber'|| ' '||'addonname' || ' ' || 'QTY' || ' ' || 'price' || ' ' || 'fname' || ' ' || 'dateoforder');

open rest;
loop 
fetch rest into rec;
exit when rest%notfound;

DBMS_OUTPUT.PUT_line(rec.ordernumber|| ' '||rec.addonname || ' ' || rec.QTY || ' ' || rec.price || ' ' || rec.fname || ' ' || rec.dateoforder);
end loop;

DBMS_OUTPUT.PUT_LINE('');
DBMS_OUTPUT.PUT_LINE('');
DBMS_OUTPUT.PUT_LINE('FOR ADDONS');
DBMS_OUTPUT.PUT_LINE('----------------------------------------------------------------------------------------------------------');
DBMS_OUTPUT.PUT_line('ordernumber'|| ' '||'addonname' || ' ' || 'QTY' || ' ' || 'price' || ' ' || 'dateoforder');

open rest2;
loop 
fetch rest2 into rec2;
exit when rest2%notfound;

DBMS_OUTPUT.PUT_line(rec2.ordernumber|| ' '||rec2.addonname || ' ' || rec2.QTY || ' ' || rec2.price || ' ' || rec2.dateoforder);
end loop;

END BRANCH_GETADDONS;
--------------------------------------------------------
--  DDL for Procedure BRANCH_GETDEALSALE
--------------------------------------------------------
set define off;

  CREATE OR REPLACE PROCEDURE "BRANCH_GETDEALSALE" (b number , fid number)

is 
CURSOR rest is
select uo.orderid ,b.name as branchname , f.name as food , sb.qty as QTY , sb.price as price   ,sb.addons as addons, uo.dateoforder as dateoforder 
from branches b , sub_order sb , deals f, userorder uo where dealorfoodoraddon = 'DEAL' and f.id = sb.itemid 
and uo.orderid = sb.orderid and b.bid = uo.branchid and sb.itemid = fid 
and sb.orderid in
(select orderid from userorder where branchid = b) order by dateoforder,sb.price ;

res_rec rest%rowtype;
total number;
totalorders number;
nameofbranch varchar2(20);
nameofres varchar2(20);
BEGIN
select sum(sb.price) into total
from sub_order sb , userorder uo where dealorfoodoraddon = 'DEAL' 
and uo.orderid = sb.orderid and sb.itemid = fid
and sb.orderid in
(select orderid from userorder where branchid = b) ;

select sum(sb.qty) into totalorders
from sub_order sb , userorder uo where dealorfoodoraddon = 'DEAL' 
and uo.orderid = sb.orderid and sb.itemid = fid
and sb.orderid in
(select orderid from userorder where branchid = b) ;

select br.name , res.resname into nameofbranch,nameofres from branches br, resturant res where bid = b and res.resid = br.resid ;


DBMS_OUTPUT.PUT_LINE('TOTAL SALE FOR BRANCH ' || nameofbranch || 'OF RESTURANT '|| nameofres ||' is: ' || total);
DBMS_OUTPUT.PUT_LINE('TOTAL NUMBER OF ORDERS FOR BRANCH ' || nameofbranch ||' is: ' || totalorders);
DBMS_OUTPUT.PUT_LINE('ORDER ID ' || 'BRANCH ' || 'DEAL ' || 'QTY ' || 'PRICE ' || 'ADDONS ' || 'Date of Order');
open rest;
loop 
fetch rest into res_rec;
exit when rest%notfound;
DBMS_OUTPUT.PUT_line(res_rec.orderid || '      ' || res_rec.branchname|| ' ' || res_rec.food || ' ' || res_rec.QTY || ' ' || res_rec.price || ' ' || res_rec.addons || ' ' || res_rec.dateoforder );
end loop;
END BRANCH_GETDEALSALE;
--------------------------------------------------------
--  DDL for Procedure BRANCH_GETDEALSTATS
--------------------------------------------------------
set define off;

  CREATE OR REPLACE PROCEDURE "BRANCH_GETDEALSTATS" (b number)

is 
CURSOR rest is

select f.name as food , sum(sb.qty) as QTY , sum(sb.price) as price
from branches b , sub_order sb , deals f, userorder uo  where dealorfoodoraddon = 'DEAL' and f.id = sb.itemid 
and uo.orderid = sb.orderid and b.bid = uo.branchid
and sb.orderid in 
(select orderid from userorder where branchid = 1) group by f.name order by price DESC;
res_rec rest%rowtype;

nameofbranch varchar2(20);
nameofres varchar2(20);

begin


select br.name , res.resname into nameofbranch,nameofres from branches br, resturant res where bid = b and res.resid = br.resid ;
DBMS_OUTPUT.PUT_LINE('BRANCH ' || nameofbranch || 'OF RESTURANT '|| nameofres);
DBMS_OUTPUT.PUT_LINE('NAME' || '   QTY ' || '  PRICE (PKR)');
open rest;
loop 
fetch rest into res_rec;
exit when rest%notfound;
DBMS_OUTPUT.PUT_line(res_rec.food || '  ' || res_rec.QTY|| '      ' || res_rec.PRICE );
end loop;

END BRANCH_GETDEALSTATS;
--------------------------------------------------------
--  DDL for Procedure BRANCH_GETFOODDETAILS
--------------------------------------------------------
set define off;

  CREATE OR REPLACE PROCEDURE "BRANCH_GETFOODDETAILS" (b number, fid number)
is 
CURSOR rest is
select uo.orderid ,b.name as branchname , f.foodname as food , sb.qty as QTY , sb.price as price   ,sb.addons as addons, uo.dateoforder as dateoforder 
from branches b , sub_order sb , fooditems f, userorder uo where dealorfoodoraddon = 'FOOD' and f.foodid = sb.itemid 
and uo.orderid = sb.orderid and b.bid = uo.branchid and sb.itemid = fid 
and sb.orderid in
(select orderid from userorder where branchid = b) order by dateoforder,sb.price ;

res_rec rest%rowtype;
total number;
totalorders number;
nameofbranch varchar2(20);
nameofres varchar2(20);
BEGIN
select sum(sb.price) into total
from sub_order sb , userorder uo where dealorfoodoraddon = 'FOOD' 
and uo.orderid = sb.orderid and sb.itemid = fid
and sb.orderid in
(select orderid from userorder where branchid = b) ;

select sum(sb.QTY) into totalorders
from sub_order sb , userorder uo where dealorfoodoraddon = 'FOOD' 
and uo.orderid = sb.orderid and sb.itemid = fid
and sb.orderid in
(select orderid from userorder where branchid = b) ;

select br.name , res.resname into nameofbranch,nameofres from branches br, resturant res where bid = b and res.resid = br.resid ;


DBMS_OUTPUT.PUT_LINE('TOTAL SALE FOR BRANCH ' || nameofbranch || 'OF RESTURANT '|| nameofres ||' is: ' || total);
DBMS_OUTPUT.PUT_LINE('TOTAL NUMBER OF ORDERS FOR BRANCH ' || nameofbranch ||' is: ' || totalorders);
DBMS_OUTPUT.PUT_LINE('ORDER ID ' || 'BRANCH ' || 'Food ' || 'QTY ' || 'PRICE ' || 'ADDONS ' || 'Date of Order');
open rest;
loop 
fetch rest into res_rec;
exit when rest%notfound;
DBMS_OUTPUT.PUT_line(res_rec.orderid || '      ' || res_rec.branchname|| ' ' || res_rec.food || ' ' || res_rec.QTY || ' ' || res_rec.price || ' ' || res_rec.addons || ' ' || res_rec.dateoforder );
end loop;

END BRANCH_GETFOODDETAILS;
--------------------------------------------------------
--  DDL for Procedure BRANCH_GETFOODSTATS
--------------------------------------------------------
set define off;

  CREATE OR REPLACE PROCEDURE "BRANCH_GETFOODSTATS" ( b number)
is 
CURSOR rest is

select f.foodname as food , sum(sb.qty) as QTY , sum(sb.price) as price
from branches b , sub_order sb , fooditems f, userorder uo  where dealorfoodoraddon = 'FOOD' and f.foodid = sb.itemid 
and uo.orderid = sb.orderid and b.bid = uo.branchid
and sb.orderid in 
(select orderid from userorder where branchid = 1) group by f.foodname order by price DESC;
res_rec rest%rowtype;

nameofbranch varchar2(20);
nameofres varchar2(20);

begin


select br.name , res.resname into nameofbranch,nameofres from branches br, resturant res where bid = b and res.resid = br.resid ;
DBMS_OUTPUT.PUT_LINE('BRANCH ' || nameofbranch || 'OF RESTURANT '|| nameofres);
DBMS_OUTPUT.PUT_LINE('NAME' || '   QTY ' || '  PRICE (PKR)');
open rest;
loop 
fetch rest into res_rec;
exit when rest%notfound;
DBMS_OUTPUT.PUT_line(res_rec.food || '  ' || res_rec.QTY|| '      ' || res_rec.PRICE );
end loop;



END BRANCH_GETFOODSTATS;
--------------------------------------------------------
--  DDL for Procedure RESTURANT_DATERANGE
--------------------------------------------------------
set define off;

  CREATE OR REPLACE PROCEDURE "RESTURANT_DATERANGE" (res number , sdate varchar2 , edate varchar2)

is



CURSOR rest is
select uo.orderid ,b.name as branchname , f.foodname as food , sb.qty as QTY , sb.price as price   ,sb.addons as addons, uo.dateoforder as dateoforder 
from branches b , sub_order sb , fooditems f, userorder uo where dealorfoodoraddon = 'FOOD' and f.foodid = sb.itemid 
and uo.orderid = sb.orderid and b.bid = uo.branchid 
and sb.orderid in
(select orderid from userorder where branchid in (select branchid from branches where resid = res) and to_date(dateoforder, 'DD-MM-YY')  between TO_DATE(sdate, 'DD-MON-YY') and TO_DATE(edate,'DD-MON-YY')) order by dateoforder ;

res_rec rest%rowtype;
total number;
totalorders number;
nameofres varchar2(20);

BEGIN

select sum(uo.totalprice) into total
from sub_order sb , userorder uo where dealorfoodoraddon = 'FOOD' 
and uo.orderid = sb.orderid
and sb.orderid in
(select orderid from userorder where branchid in (select branchid from branches where resid = res)and to_date(dateoforder, 'DD-MM-YY')  between TO_DATE(sdate, 'DD-MON-YY') and TO_DATE(edate,'DD-MON-YY')) ;

select count(uo.orderid) into totalorders
from sub_order sb , userorder uo where dealorfoodoraddon = 'FOOD' 
and uo.orderid = sb.orderid
and sb.orderid in
(select orderid from userorder where branchid in (select branchid from branches where resid = res)and to_date(dateoforder, 'DD-MM-YY')  between TO_DATE(sdate, 'DD-MON-YY') and TO_DATE(edate,'DD-MON-YY')) ;

select resturant.resname  into nameofres
from resturant where resid = res;
DBMS_OUTPUT.PUT_LINE('TOTAL SALE FOR RESTURANT ' || nameofres ||' is: ' || total);
DBMS_OUTPUT.PUT_LINE('TOTAL NUMBER OF ORDERS FOR RESTURANT ' || nameofres ||' is: ' || totalorders);
DBMS_OUTPUT.PUT_LINE('ORDER ID ' || 'BRANCH ' || 'Food ' || 'QTY ' || 'PRICE ' || 'ADDONS ' || 'Date of Order');
open rest;
loop 
fetch rest into res_rec;
exit when rest%notfound;
DBMS_OUTPUT.PUT_line(res_rec.orderid || '      ' || res_rec.branchname|| ' ' || res_rec.food || ' ' || res_rec.QTY || ' ' || res_rec.price || ' ' || res_rec.addons || ' ' || res_rec.dateoforder );
end loop;


END RESTURANT_DATERANGE;
--------------------------------------------------------
--  DDL for Procedure RESTURANT_TOTALSALE_DEAL
--------------------------------------------------------
set define off;

  CREATE OR REPLACE PROCEDURE "RESTURANT_TOTALSALE_DEAL" (res number)

is 
CURSOR rest is

select uo.orderid ,b.name as branchname , f.name as DEAL , sb.qty as QTY , sb.price as price   ,sb.addons as addons, uo.dateoforder as dateoforder 
from branches b , sub_order sb , deals f, userorder uo where dealorfoodoraddon = 'DEAL' and f.id = sb.itemid 
and uo.orderid = sb.orderid and b.bid = uo.branchid 
and sb.orderid in
(select orderid from userorder where branchid in (select branchid from branches where resid = res)) order by dateoforder ;

res_rec rest%rowtype;
total number;
totalorders number;
nameofres varchar2(20);

BEGIN

select sum(uo.totalprice) into total
from sub_order sb , userorder uo where dealorfoodoraddon = 'DEAL' 
and uo.orderid = sb.orderid
and sb.orderid in
(select orderid from userorder where branchid in (select branchid from branches where resid = res)) ;

select count(uo.orderid) into totalorders
from sub_order sb , userorder uo where dealorfoodoraddon = 'DEAL' 
and uo.orderid = sb.orderid
and sb.orderid in
(select orderid from userorder where branchid in (select branchid from branches where resid = res)) ;

select resturant.resname  into nameofres
from resturant where resid = res;

DBMS_OUTPUT.PUT_LINE('TOTAL SALE FOR RESTURANT ' || nameofres ||' is: ' || total);
DBMS_OUTPUT.PUT_LINE('TOTAL NUMBER OF ORDERS FOR RESTURANT ' || nameofres ||' is: ' || totalorders);
DBMS_OUTPUT.PUT_LINE('ORDER ID ' || 'BRANCH ' || 'DEALS ' || 'QTY ' || 'PRICE ' || 'ADDONS ' || 'Date of Order');

open rest;
loop 
fetch rest into res_rec;
exit when rest%notfound;

DBMS_OUTPUT.PUT_line(res_rec.orderid || '      ' || res_rec.branchname|| ' ' || res_rec.deal || ' ' || res_rec.QTY || ' ' || res_rec.price || ' ' || res_rec.addons || ' ' || res_rec.dateoforder );
end loop;

END RESTURANT_TOTALSALE_DEAL;
--------------------------------------------------------
--  DDL for Procedure RESTURANT_TOTALSALE_FOOD
--------------------------------------------------------
set define off;

  CREATE OR REPLACE PROCEDURE "RESTURANT_TOTALSALE_FOOD" (res number )
is 
CURSOR rest is

select uo.orderid ,b.name as branchname , f.foodname as food , sb.qty as QTY , sb.price as price   ,sb.addons as addons, uo.dateoforder as dateoforder 
from branches b , sub_order sb , fooditems f, userorder uo where dealorfoodoraddon = 'FOOD' and f.foodid = sb.itemid 
and uo.orderid = sb.orderid and b.bid = uo.branchid 
and sb.orderid in
(select orderid from userorder where branchid in (select branchid from branches where resid = res)) order by dateoforder ;

res_rec rest%rowtype;
total number;
totalorders number;
nameofres varchar2(20);

BEGIN

select sum(uo.totalprice) into total
from sub_order sb , userorder uo where dealorfoodoraddon = 'FOOD' 
and uo.orderid = sb.orderid
and sb.orderid in
(select orderid from userorder where branchid in (select branchid from branches where resid = res)) ;

select count(uo.orderid) into totalorders
from sub_order sb , userorder uo where dealorfoodoraddon = 'FOOD' 
and uo.orderid = sb.orderid
and sb.orderid in
(select orderid from userorder where branchid in (select branchid from branches where resid = res)) ;

select resturant.resname  into nameofres
from resturant where resid = res;

DBMS_OUTPUT.PUT_LINE('TOTAL SALE FOR RESTURANT ' || nameofres ||' is: ' || total);
DBMS_OUTPUT.PUT_LINE('TOTAL NUMBER OF ORDERS FOR RESTURANT ' || nameofres ||' is: ' || totalorders);
DBMS_OUTPUT.PUT_LINE('ORDER ID ' || 'BRANCH ' || 'Food ' || 'QTY ' || 'PRICE ' || 'ADDONS ' || 'Date of Order');

open rest;
loop 
fetch rest into res_rec;
exit when rest%notfound;
DBMS_OUTPUT.PUT_line(res_rec.orderid || '      ' || res_rec.branchname|| ' ' || res_rec.food || ' ' || res_rec.QTY || ' ' || res_rec.price || ' ' || res_rec.addons || ' ' || res_rec.dateoforder );
end loop;


END RESTURANT_TOTALSALE_FOOD;
--------------------------------------------------------
--  Constraints for Table ADDONS
--------------------------------------------------------

  ALTER TABLE "ADDONS" ADD CONSTRAINT "ADDONS_PK" PRIMARY KEY ("ADONID") ENABLE
 
  ALTER TABLE "ADDONS" MODIFY ("ADONID" NOT NULL ENABLE)
--------------------------------------------------------
--  Constraints for Table ADDONS_FOOD
--------------------------------------------------------

  ALTER TABLE "ADDONS_FOOD" ADD CONSTRAINT "ADDONS_FOOD_PK" PRIMARY KEY ("ID") ENABLE
 
  ALTER TABLE "ADDONS_FOOD" MODIFY ("ID" NOT NULL ENABLE)
--------------------------------------------------------
--  Constraints for Table ADDONS_HISTORY
--------------------------------------------------------

  ALTER TABLE "ADDONS_HISTORY" ADD CONSTRAINT "ADDONS_HISTORY_PK" PRIMARY KEY ("ID") ENABLE
 
  ALTER TABLE "ADDONS_HISTORY" MODIFY ("ADONID" NOT NULL ENABLE)
 
  ALTER TABLE "ADDONS_HISTORY" MODIFY ("ID" NOT NULL ENABLE)
--------------------------------------------------------
--  Constraints for Table BRANCHES
--------------------------------------------------------

  ALTER TABLE "BRANCHES" ADD CONSTRAINT "BRANCHES_PK" PRIMARY KEY ("BID") ENABLE
 
  ALTER TABLE "BRANCHES" MODIFY ("BID" NOT NULL ENABLE)
--------------------------------------------------------
--  Constraints for Table CATAGORY
--------------------------------------------------------

  ALTER TABLE "CATAGORY" ADD CONSTRAINT "CATAGORY_PK" PRIMARY KEY ("ID") ENABLE
 
  ALTER TABLE "CATAGORY" MODIFY ("ID" NOT NULL ENABLE)
--------------------------------------------------------
--  Constraints for Table CATAGORY_HISTORY
--------------------------------------------------------

  ALTER TABLE "CATAGORY_HISTORY" ADD CONSTRAINT "CATAGORY_HISTORY_PK" PRIMARY KEY ("CATHIID") ENABLE
 
  ALTER TABLE "CATAGORY_HISTORY" MODIFY ("ID" NOT NULL ENABLE)
 
  ALTER TABLE "CATAGORY_HISTORY" MODIFY ("CATHIID" NOT NULL ENABLE)
--------------------------------------------------------
--  Constraints for Table COUPONS
--------------------------------------------------------

  ALTER TABLE "COUPONS" ADD CONSTRAINT "COUPONS_PK" PRIMARY KEY ("COUPONID") ENABLE
 
  ALTER TABLE "COUPONS" MODIFY ("COUPONID" NOT NULL ENABLE)
--------------------------------------------------------
--  Constraints for Table COUPONS_HISTORY
--------------------------------------------------------

  ALTER TABLE "COUPONS_HISTORY" ADD CONSTRAINT "COUPONS_HISTORY_PK" PRIMARY KEY ("ID") ENABLE
 
  ALTER TABLE "COUPONS_HISTORY" MODIFY ("COUPONID" NOT NULL ENABLE)
 
  ALTER TABLE "COUPONS_HISTORY" MODIFY ("ID" NOT NULL ENABLE)
--------------------------------------------------------
--  Constraints for Table DEALS
--------------------------------------------------------

  ALTER TABLE "DEALS" ADD CONSTRAINT "DEALS_PK" PRIMARY KEY ("ID") ENABLE
 
  ALTER TABLE "DEALS" MODIFY ("ID" NOT NULL ENABLE)
--------------------------------------------------------
--  Constraints for Table DEALS_HISTORY
--------------------------------------------------------

  ALTER TABLE "DEALS_HISTORY" ADD CONSTRAINT "DEALS_HISTORY_PK" PRIMARY KEY ("DEALHISTORYID") ENABLE
 
  ALTER TABLE "DEALS_HISTORY" MODIFY ("ID" NOT NULL ENABLE)
 
  ALTER TABLE "DEALS_HISTORY" MODIFY ("DEALHISTORYID" NOT NULL ENABLE)
--------------------------------------------------------
--  Constraints for Table DEAL_CHOICE
--------------------------------------------------------

  ALTER TABLE "DEAL_CHOICE" ADD CONSTRAINT "DEAL_CHOICE_PK" PRIMARY KEY ("DCID") ENABLE
 
  ALTER TABLE "DEAL_CHOICE" MODIFY ("DCID" NOT NULL ENABLE)
--------------------------------------------------------
--  Constraints for Table DELIVERYADDRESS
--------------------------------------------------------

  ALTER TABLE "DELIVERYADDRESS" ADD CONSTRAINT "DELIVERYADDRESS_PK" PRIMARY KEY ("ID") ENABLE
 
  ALTER TABLE "DELIVERYADDRESS" MODIFY ("ID" NOT NULL ENABLE)
--------------------------------------------------------
--  Constraints for Table DEPT
--------------------------------------------------------

  ALTER TABLE "DEPT" ADD CONSTRAINT "DEPT_PK" PRIMARY KEY ("DEPTID") ENABLE
 
  ALTER TABLE "DEPT" MODIFY ("DEPTID" NOT NULL ENABLE)
--------------------------------------------------------
--  Constraints for Table DEPT_HISTORY
--------------------------------------------------------

  ALTER TABLE "DEPT_HISTORY" ADD CONSTRAINT "DEPT_HISTORY_PK" PRIMARY KEY ("ID") ENABLE
 
  ALTER TABLE "DEPT_HISTORY" MODIFY ("ID" NOT NULL ENABLE)
--------------------------------------------------------
--  Constraints for Table EMP_HISTORY
--------------------------------------------------------

  ALTER TABLE "EMP_HISTORY" ADD CONSTRAINT "EMP_HISTORY_PK" PRIMARY KEY ("ID") ENABLE
 
  ALTER TABLE "EMP_HISTORY" MODIFY ("ID" NOT NULL ENABLE)
 
  ALTER TABLE "EMP_HISTORY" MODIFY ("ENUM" NOT NULL ENABLE)
 
  ALTER TABLE "EMP_HISTORY" MODIFY ("ENAME" NOT NULL ENABLE)
--------------------------------------------------------
--  Constraints for Table ENAME
--------------------------------------------------------

  ALTER TABLE "ENAME" MODIFY ("EMPID" NOT NULL ENABLE)
 
  ALTER TABLE "ENAME" MODIFY ("ENUM" NOT NULL ENABLE)
 
  ALTER TABLE "ENAME" MODIFY ("ENAME" NOT NULL ENABLE)
 
  ALTER TABLE "ENAME" ADD CONSTRAINT "TABLE1_PK" PRIMARY KEY ("EMPID") ENABLE
--------------------------------------------------------
--  Constraints for Table FOODITEMS
--------------------------------------------------------

  ALTER TABLE "FOODITEMS" ADD CONSTRAINT "FOODITEMS_PK" PRIMARY KEY ("FOODID") ENABLE
 
  ALTER TABLE "FOODITEMS" MODIFY ("FOODID" NOT NULL ENABLE)
 
  ALTER TABLE "FOODITEMS" MODIFY ("FOODNAME" NOT NULL ENABLE)
--------------------------------------------------------
--  Constraints for Table FOOD_DEALS
--------------------------------------------------------

  ALTER TABLE "FOOD_DEALS" ADD CONSTRAINT "FOOD_DEALS_PK" PRIMARY KEY ("ID") ENABLE
 
  ALTER TABLE "FOOD_DEALS" MODIFY ("ID" NOT NULL ENABLE)
--------------------------------------------------------
--  Constraints for Table FOOD_DEALS_HISTORY
--------------------------------------------------------

  ALTER TABLE "FOOD_DEALS_HISTORY" ADD CONSTRAINT "FOOD_DEALS_HISTORY_PK" PRIMARY KEY ("FDHID") ENABLE
 
  ALTER TABLE "FOOD_DEALS_HISTORY" MODIFY ("ID" NOT NULL ENABLE)
 
  ALTER TABLE "FOOD_DEALS_HISTORY" MODIFY ("FDHID" NOT NULL ENABLE)
--------------------------------------------------------
--  Constraints for Table FOOD_HISTORY
--------------------------------------------------------

  ALTER TABLE "FOOD_HISTORY" ADD CONSTRAINT "FOOD_HISTORY_PK" PRIMARY KEY ("ID") ENABLE
 
  ALTER TABLE "FOOD_HISTORY" MODIFY ("FOODID" NOT NULL ENABLE)
 
  ALTER TABLE "FOOD_HISTORY" MODIFY ("FOODNAME" NOT NULL ENABLE)
 
  ALTER TABLE "FOOD_HISTORY" MODIFY ("ID" NOT NULL ENABLE)
--------------------------------------------------------
--  Constraints for Table LOGIN_USER
--------------------------------------------------------

  ALTER TABLE "LOGIN_USER" ADD CONSTRAINT "LOGIN_USER_PK" PRIMARY KEY ("USERID") ENABLE
 
  ALTER TABLE "LOGIN_USER" MODIFY ("USERID" NOT NULL ENABLE)
--------------------------------------------------------
--  Constraints for Table MENUS
--------------------------------------------------------

  ALTER TABLE "MENUS" ADD CONSTRAINT "MENUS_PK" PRIMARY KEY ("ID") ENABLE
 
  ALTER TABLE "MENUS" MODIFY ("ID" NOT NULL ENABLE)
--------------------------------------------------------
--  Constraints for Table ORDERSTATUS
--------------------------------------------------------

  ALTER TABLE "ORDERSTATUS" ADD CONSTRAINT "ORDERSTATUS_PK" PRIMARY KEY ("STATUSID") ENABLE
 
  ALTER TABLE "ORDERSTATUS" MODIFY ("STATUSID" NOT NULL ENABLE)
--------------------------------------------------------
--  Constraints for Table OUTLET
--------------------------------------------------------

  ALTER TABLE "OUTLET" ADD CONSTRAINT "OUTLET_PK" PRIMARY KEY ("OUTLETID") ENABLE
 
  ALTER TABLE "OUTLET" MODIFY ("OUTLETID" NOT NULL ENABLE)
 
  ALTER TABLE "OUTLET" MODIFY ("OUTLETNAME" NOT NULL ENABLE)
--------------------------------------------------------
--  Constraints for Table OUTLET_DEPT
--------------------------------------------------------

  ALTER TABLE "OUTLET_DEPT" ADD CONSTRAINT "OUTLET_DEPT_PK" PRIMARY KEY ("ID") ENABLE
 
  ALTER TABLE "OUTLET_DEPT" MODIFY ("ID" NOT NULL ENABLE)
--------------------------------------------------------
--  Constraints for Table PAYMENTDETAILS
--------------------------------------------------------

  ALTER TABLE "PAYMENTDETAILS" ADD CONSTRAINT "PAYMENTDETAILS_PK" PRIMARY KEY ("ID") ENABLE
 
  ALTER TABLE "PAYMENTDETAILS" MODIFY ("ID" NOT NULL ENABLE)
 
  ALTER TABLE "PAYMENTDETAILS" MODIFY ("DEBITCARDNUMBER" NOT NULL ENABLE)
 
  ALTER TABLE "PAYMENTDETAILS" MODIFY ("VALIDDATE" NOT NULL ENABLE)
 
  ALTER TABLE "PAYMENTDETAILS" MODIFY ("NAME" NOT NULL ENABLE)
 
  ALTER TABLE "PAYMENTDETAILS" MODIFY ("BILLINGADDRESS" NOT NULL ENABLE)
--------------------------------------------------------
--  Constraints for Table RESTURANT
--------------------------------------------------------

  ALTER TABLE "RESTURANT" ADD CONSTRAINT "RESTURANT_PK" PRIMARY KEY ("RESID") ENABLE
 
  ALTER TABLE "RESTURANT" MODIFY ("RESID" NOT NULL ENABLE)
--------------------------------------------------------
--  Constraints for Table RESTURANT_HISTORY
--------------------------------------------------------

  ALTER TABLE "RESTURANT_HISTORY" ADD CONSTRAINT "RESTURANT_HISTORY_PK" PRIMARY KEY ("ID") ENABLE
 
  ALTER TABLE "RESTURANT_HISTORY" MODIFY ("RESID" NOT NULL ENABLE)
 
  ALTER TABLE "RESTURANT_HISTORY" MODIFY ("ID" NOT NULL ENABLE)
--------------------------------------------------------
--  Constraints for Table RIDERS
--------------------------------------------------------

  ALTER TABLE "RIDERS" ADD CONSTRAINT "RIDERS_PK" PRIMARY KEY ("RIDERID") ENABLE
 
  ALTER TABLE "RIDERS" MODIFY ("RIDERID" NOT NULL ENABLE)
--------------------------------------------------------
--  Constraints for Table RIDER_HISTORY
--------------------------------------------------------

  ALTER TABLE "RIDER_HISTORY" ADD CONSTRAINT "RIDER_HISTORY_PK" PRIMARY KEY ("ID") ENABLE
 
  ALTER TABLE "RIDER_HISTORY" MODIFY ("RIDERID" NOT NULL ENABLE)
 
  ALTER TABLE "RIDER_HISTORY" MODIFY ("ID" NOT NULL ENABLE)
--------------------------------------------------------
--  Constraints for Table SUB_ORDER
--------------------------------------------------------

  ALTER TABLE "SUB_ORDER" ADD CONSTRAINT "SUB_ORDER_PK" PRIMARY KEY ("SUBORDERID") ENABLE
 
  ALTER TABLE "SUB_ORDER" MODIFY ("SUBORDERID" NOT NULL ENABLE)
 
  ALTER TABLE "SUB_ORDER" MODIFY ("ORDERID" NOT NULL ENABLE)
 
  ALTER TABLE "SUB_ORDER" MODIFY ("ITEMID" NOT NULL ENABLE)
 
  ALTER TABLE "SUB_ORDER" MODIFY ("DEALORFOODORADDON" NOT NULL ENABLE)
 
  ALTER TABLE "SUB_ORDER" MODIFY ("QTY" NOT NULL ENABLE)
--------------------------------------------------------
--  Constraints for Table SUB_ORDER_ADDON
--------------------------------------------------------

  ALTER TABLE "SUB_ORDER_ADDON" ADD CONSTRAINT "SUB_ORDER_ADDON_PK" PRIMARY KEY ("ID") ENABLE
 
  ALTER TABLE "SUB_ORDER_ADDON" MODIFY ("ID" NOT NULL ENABLE)
--------------------------------------------------------
--  Constraints for Table SUB_ORDER_DEAL
--------------------------------------------------------

  ALTER TABLE "SUB_ORDER_DEAL" ADD CONSTRAINT "SUB_ORDER_DEAL_PK" PRIMARY KEY ("ID") ENABLE
 
  ALTER TABLE "SUB_ORDER_DEAL" MODIFY ("ID" NOT NULL ENABLE)
--------------------------------------------------------
--  Constraints for Table USERORDER
--------------------------------------------------------

  ALTER TABLE "USERORDER" MODIFY ("ORDERID" NOT NULL ENABLE)
 
  ALTER TABLE "USERORDER" ADD CONSTRAINT "USERORDER_PK" PRIMARY KEY ("ORDERID") ENABLE
--------------------------------------------------------
--  Constraints for Table USER_COUPON
--------------------------------------------------------

  ALTER TABLE "USER_COUPON" MODIFY ("ID" NOT NULL ENABLE)
 
  ALTER TABLE "USER_COUPON" ADD CONSTRAINT "USER_COUPON_PK" PRIMARY KEY ("ID") ENABLE
--------------------------------------------------------
--  Ref Constraints for Table ADDONS_FOOD
--------------------------------------------------------

  ALTER TABLE "ADDONS_FOOD" ADD CONSTRAINT "ADDONS_FOOD_FK1" FOREIGN KEY ("FOODID") REFERENCES "FOODITEMS" ("FOODID") ENABLE
 
  ALTER TABLE "ADDONS_FOOD" ADD CONSTRAINT "ADDONS_FOOD_FK2" FOREIGN KEY ("ADDONID") REFERENCES "ADDONS" ("ADONID") ENABLE
--------------------------------------------------------
--  Ref Constraints for Table BRANCHES
--------------------------------------------------------

  ALTER TABLE "BRANCHES" ADD CONSTRAINT "FK_BRANCH" FOREIGN KEY ("RESID") REFERENCES "RESTURANT" ("RESID") ENABLE
 
  ALTER TABLE "BRANCHES" ADD CONSTRAINT "FK_MENU" FOREIGN KEY ("MENUID") REFERENCES "MENUS" ("ID") ENABLE
--------------------------------------------------------
--  Ref Constraints for Table CATAGORY
--------------------------------------------------------

  ALTER TABLE "CATAGORY" ADD CONSTRAINT "FK_CATM" FOREIGN KEY ("MENUID") REFERENCES "MENUS" ("ID") ENABLE
--------------------------------------------------------
--  Ref Constraints for Table COUPONS
--------------------------------------------------------

  ALTER TABLE "COUPONS" ADD CONSTRAINT "COUPONS_FK1" FOREIGN KEY ("BRANCHID") REFERENCES "BRANCHES" ("BID") ENABLE
--------------------------------------------------------
--  Ref Constraints for Table DEALS
--------------------------------------------------------

  ALTER TABLE "DEALS" ADD CONSTRAINT "FK_MENUID" FOREIGN KEY ("MENUID") REFERENCES "MENUS" ("ID") ENABLE
--------------------------------------------------------
--  Ref Constraints for Table DEAL_CHOICE
--------------------------------------------------------

  ALTER TABLE "DEAL_CHOICE" ADD CONSTRAINT "DEAL_CHOICE_FK1" FOREIGN KEY ("FOODDEALID") REFERENCES "FOOD_DEALS" ("ID") ENABLE
 
  ALTER TABLE "DEAL_CHOICE" ADD CONSTRAINT "DEAL_CHOICE_FK2" FOREIGN KEY ("FOODID") REFERENCES "FOODITEMS" ("FOODID") ENABLE
--------------------------------------------------------
--  Ref Constraints for Table DELIVERYADDRESS
--------------------------------------------------------

  ALTER TABLE "DELIVERYADDRESS" ADD CONSTRAINT "DELIVERYADDRESS_FK1" FOREIGN KEY ("USERID") REFERENCES "LOGIN_USER" ("USERID") ENABLE
--------------------------------------------------------
--  Ref Constraints for Table ENAME
--------------------------------------------------------

  ALTER TABLE "ENAME" ADD CONSTRAINT "FK_DEPT" FOREIGN KEY ("DEPTID") REFERENCES "DEPT" ("DEPTID") ENABLE
 
  ALTER TABLE "ENAME" ADD CONSTRAINT "FK_EMPMGR" FOREIGN KEY ("MGRNUM") REFERENCES "ENAME" ("EMPID") ENABLE
 
  ALTER TABLE "ENAME" ADD CONSTRAINT "FK_OUTLET" FOREIGN KEY ("OUTLETID") REFERENCES "OUTLET" ("OUTLETID") ENABLE
--------------------------------------------------------
--  Ref Constraints for Table FOODITEMS
--------------------------------------------------------

  ALTER TABLE "FOODITEMS" ADD CONSTRAINT "FOODITEMS_FK1" FOREIGN KEY ("CATID") REFERENCES "CATAGORY" ("ID") ENABLE
--------------------------------------------------------
--  Ref Constraints for Table FOOD_DEALS
--------------------------------------------------------

  ALTER TABLE "FOOD_DEALS" ADD CONSTRAINT "FOOD_DEALS_FK1" FOREIGN KEY ("FOODID") REFERENCES "FOODITEMS" ("FOODID") ENABLE
 
  ALTER TABLE "FOOD_DEALS" ADD CONSTRAINT "FOOD_DEALS_FK2" FOREIGN KEY ("DEALID") REFERENCES "DEALS" ("ID") ENABLE
--------------------------------------------------------
--  Ref Constraints for Table MENUS
--------------------------------------------------------

  ALTER TABLE "MENUS" ADD CONSTRAINT "FK_MENUB" FOREIGN KEY ("RESTURANTID") REFERENCES "RESTURANT" ("RESID") ENABLE
--------------------------------------------------------
--  Ref Constraints for Table PAYMENTDETAILS
--------------------------------------------------------

  ALTER TABLE "PAYMENTDETAILS" ADD CONSTRAINT "PAYMENTDETAILS_FK1" FOREIGN KEY ("USERID") REFERENCES "LOGIN_USER" ("USERID") ENABLE
--------------------------------------------------------
--  Ref Constraints for Table RESTURANT
--------------------------------------------------------

  ALTER TABLE "RESTURANT" ADD CONSTRAINT "FK_RESOUTLET" FOREIGN KEY ("OUTLETID") REFERENCES "OUTLET" ("OUTLETID") ENABLE
--------------------------------------------------------
--  Ref Constraints for Table RIDERS
--------------------------------------------------------

  ALTER TABLE "RIDERS" ADD CONSTRAINT "FK_OUTLETRIDER" FOREIGN KEY ("OUTLETID") REFERENCES "OUTLET" ("OUTLETID") ENABLE
--------------------------------------------------------
--  Ref Constraints for Table SUB_ORDER
--------------------------------------------------------

  ALTER TABLE "SUB_ORDER" ADD CONSTRAINT "SUB_ORDER_FK1" FOREIGN KEY ("ORDERID") REFERENCES "USERORDER" ("ORDERID") ENABLE
--------------------------------------------------------
--  Ref Constraints for Table SUB_ORDER_ADDON
--------------------------------------------------------

  ALTER TABLE "SUB_ORDER_ADDON" ADD CONSTRAINT "SUB_ORDER_ADDON_FK1" FOREIGN KEY ("SUBORDERID") REFERENCES "SUB_ORDER" ("SUBORDERID") ENABLE
 
  ALTER TABLE "SUB_ORDER_ADDON" ADD CONSTRAINT "SUB_ORDER_ADDON_FK2" FOREIGN KEY ("ADDONID") REFERENCES "ADDONS" ("ADONID") ENABLE
--------------------------------------------------------
--  Ref Constraints for Table SUB_ORDER_DEAL
--------------------------------------------------------

  ALTER TABLE "SUB_ORDER_DEAL" ADD CONSTRAINT "SUB_ORDER_DEAL_FK1" FOREIGN KEY ("SUBORDERID") REFERENCES "SUB_ORDER" ("SUBORDERID") ENABLE
 
  ALTER TABLE "SUB_ORDER_DEAL" ADD CONSTRAINT "SUB_ORDER_DEAL_FK2" FOREIGN KEY ("FOODID") REFERENCES "FOODITEMS" ("FOODID") ENABLE
--------------------------------------------------------
--  Ref Constraints for Table USERORDER
--------------------------------------------------------

  ALTER TABLE "USERORDER" ADD CONSTRAINT "USERORDER_FK1" FOREIGN KEY ("USERID") REFERENCES "LOGIN_USER" ("USERID") ENABLE
 
  ALTER TABLE "USERORDER" ADD CONSTRAINT "USERORDER_FK2" FOREIGN KEY ("BRANCHID") REFERENCES "BRANCHES" ("BID") ENABLE
 
  ALTER TABLE "USERORDER" ADD CONSTRAINT "USERORDER_FK3" FOREIGN KEY ("DELIVERYADDRESS") REFERENCES "DELIVERYADDRESS" ("ID") ENABLE
 
  ALTER TABLE "USERORDER" ADD CONSTRAINT "USERORDER_FK4" FOREIGN KEY ("RIDERID") REFERENCES "RIDERS" ("RIDERID") ENABLE
 
  ALTER TABLE "USERORDER" ADD CONSTRAINT "USERORDER_FK5" FOREIGN KEY ("PAYMENTID") REFERENCES "PAYMENTDETAILS" ("ID") ENABLE
 
  ALTER TABLE "USERORDER" ADD CONSTRAINT "USERORDER_FK6" FOREIGN KEY ("STATUSID") REFERENCES "ORDERSTATUS" ("STATUSID") ENABLE
--------------------------------------------------------
--  Ref Constraints for Table USER_COUPON
--------------------------------------------------------

  ALTER TABLE "USER_COUPON" ADD CONSTRAINT "USER_COUPON_FK1" FOREIGN KEY ("COUPONID") REFERENCES "COUPONS" ("COUPONID") ENABLE
 
  ALTER TABLE "USER_COUPON" ADD CONSTRAINT "USER_COUPON_FK2" FOREIGN KEY ("USERID") REFERENCES "LOGIN_USER" ("USERID") ENABLE
